,macro_liquidity,funding_stress,risk_appetite,valuation,momentum
2010-07-19,,,,,
2010-07-20,,,,,
2010-07-21,,,,,
2010-07-22,,,,,
2010-07-23,,,,,
2010-07-26,,,,,
2010-07-27,,,,,
2010-07-28,,,,,
2010-07-29,,,,,
2010-07-30,,,,,
2010-08-02,,,,,
2010-08-03,,,,,
2010-08-04,,,,,
2010-08-05,,,,,
2010-08-06,,,,,
2010-08-09,,,,,
2010-08-10,,,,,
2010-08-11,,,,,
2010-08-12,,,,,
2010-08-13,,,,,
2010-08-16,,,,,
2010-08-17,,,,,
2010-08-18,,,,,
2010-08-19,,,,,
2010-08-20,,,,,
2010-08-23,,,,,
2010-08-24,,,,,
2010-08-25,,,,,
2010-08-26,,,,,
2010-08-27,,,,,
2010-08-30,,,,,
2010-08-31,,,,,
2010-09-01,,,,,
2010-09-02,,,,,
2010-09-03,,,,,
2010-09-06,,,,,
2010-09-07,,,,,
2010-09-08,,,,,
2010-09-09,,,,,
2010-09-10,,,,,
2010-09-13,,,,,
2010-09-14,,,,,
2010-09-15,,,,,
2010-09-16,,,,,
2010-09-17,,,,,
2010-09-20,,,,,
2010-09-21,,,,,
2010-09-22,,,,,
2010-09-23,,,,,
2010-09-24,,,,,
2010-09-27,,,,,
2010-09-28,,,,,
2010-09-29,,,,,
2010-09-30,,,,,
2010-10-01,,,,,
2010-10-04,,,,,
2010-10-05,,,,,
2010-10-06,,,,,
2010-10-07,,,,,
2010-10-08,,,,,
2010-10-11,,,,,
2010-10-12,,,,,
2010-10-13,,,,,
2010-10-14,,,,,
2010-10-15,,,,,
2010-10-18,,,,,
2010-10-19,,,,,
2010-10-20,,,,,
2010-10-21,,,,,
2010-10-22,,,,,
2010-10-25,,,,,
2010-10-26,,,,,
2010-10-27,,,,,
2010-10-28,,,,,
2010-10-29,,,,,
2010-11-01,,,,,
2010-11-02,,,,,
2010-11-03,,,,,
2010-11-04,,,,,
2010-11-05,,,,,
2010-11-08,,,,,
2010-11-09,,,,,
2010-11-10,,,,,
2010-11-11,,,,,
2010-11-12,,,,,
2010-11-15,,,,,
2010-11-16,,,,,
2010-11-17,,,,,
2010-11-18,,,,,
2010-11-19,,,,,
2010-11-22,,,,,
2010-11-23,,,,,
2010-11-24,,,,,
2010-11-25,,,,,
2010-11-26,,,,,
2010-11-29,,,,,
2010-11-30,,,,,
2010-12-01,,,,,
2010-12-02,,,,,
2010-12-03,,,,,
2010-12-06,,,,,
2010-12-07,,,,,
2010-12-08,,,,,
2010-12-09,,,,,
2010-12-10,,,,,
2010-12-13,,,,,
2010-12-14,,,,,
2010-12-15,,,,,
2010-12-16,,,,,
2010-12-17,,,,,
2010-12-20,,,,,
2010-12-21,,,,,
2010-12-22,,,,,
2010-12-23,,,,,
2010-12-24,,,,,
2010-12-27,,,,,
2010-12-28,,,,,
2010-12-29,,,,,
2010-12-30,,,,,
2010-12-31,,,,,
2011-01-03,,,,,
2011-01-04,,,,,
2011-01-05,,,,,
2011-01-06,,,,,
2011-01-07,,,,,
2011-01-10,,,,,
2011-01-11,,,,,
2011-01-12,,,,,
2011-01-13,,,,,
2011-01-14,,,,,
2011-01-17,,,,,
2011-01-18,,,,,
2011-01-19,,,,,
2011-01-20,,,,,
2011-01-21,,,,,
2011-01-24,,,,,
2011-01-25,,,,,
2011-01-26,,,,,
2011-01-27,,,,,
2011-01-28,,,,,
2011-01-31,,,,,
2011-02-01,,,,,
2011-02-02,,,,,
2011-02-03,,,,,
2011-02-04,,,,,
2011-02-07,,,,,
2011-02-08,,,,,
2011-02-09,,,,,
2011-02-10,,,,,
2011-02-11,,,,,
2011-02-14,,,,,
2011-02-15,,,,,
2011-02-16,,,,,
2011-02-17,,,,,
2011-02-18,,,,,
2011-02-21,,,,,
2011-02-22,,,,,
2011-02-23,,,,,
2011-02-24,,,,,
2011-02-25,,,,,
2011-02-28,,,,,
2011-03-01,,,,,
2011-03-02,,,,,
2011-03-03,,,,,
2011-03-04,,,,,
2011-03-07,,,,,
2011-03-08,,,,,
2011-03-09,,,,,
2011-03-10,,,,,
2011-03-11,,,,,
2011-03-14,,,,,
2011-03-15,,,,,
2011-03-16,,,,,
2011-03-17,,,,,
2011-03-18,,,,,
2011-03-21,,,,,
2011-03-22,,,,,
2011-03-23,,,,,
2011-03-24,,,,,
2011-03-25,,,,,
2011-03-28,,,,,
2011-03-29,,,,,
2011-03-30,,,,,
2011-03-31,,,,,
2011-04-01,,,,,
2011-04-04,,,,,
2011-04-05,,,,,
2011-04-06,,,,,
2011-04-07,,,,,
2011-04-08,,,,,
2011-04-11,,,,,
2011-04-12,,,,,
2011-04-13,,,,,
2011-04-14,,,,,
2011-04-15,,,,,
2011-04-18,,,,,
2011-04-19,,,,,
2011-04-20,,,,,
2011-04-21,,,,,
2011-04-22,,,,,
2011-04-25,,,,,
2011-04-26,,,,,
2011-04-27,,,,,
2011-04-28,,,,,
2011-04-29,,,,,
2011-05-02,,,,,
2011-05-03,,,,,
2011-05-04,,,,,
2011-05-05,,,,,
2011-05-06,,,,,
2011-05-09,,,,,
2011-05-10,,,,,
2011-05-11,,,,,
2011-05-12,,,,,
2011-05-13,,,,,
2011-05-16,,,,,
2011-05-17,,,,,
2011-05-18,,,,,
2011-05-19,,,,,5.0
2011-05-20,,,,,5.0
2011-05-23,,,,,5.0
2011-05-24,,,,,5.0
2011-05-25,,,,,5.0
2011-05-26,,,,,5.0
2011-05-27,,,,,5.0
2011-05-30,,,,,5.0
2011-05-31,,,,,5.0
2011-06-01,,,,,5.0
2011-06-02,,,,,5.0
2011-06-03,,,,,5.0
2011-06-06,,,,,5.0
2011-06-07,,,,,5.0
2011-06-08,,,,,5.0
2011-06-09,,,,,5.0
2011-06-10,,,,,5.0
2011-06-13,,,,,5.0
2011-06-14,,,,,5.0
2011-06-15,,,,,5.0
2011-06-16,,,,,5.0
2011-06-17,,,,,5.0
2011-06-20,,,,,5.0
2011-06-21,,,,,5.0
2011-06-22,,,,,5.0
2011-06-23,,,,,5.0
2011-06-24,,,,,5.0
2011-06-27,,,,,5.0
2011-06-28,,,,,5.0
2011-06-29,,,,,5.0
2011-06-30,,,,,5.0
2011-07-01,,,,,5.0
2011-07-04,,,,,5.0
2011-07-05,,,,,4.997789804815544
2011-07-06,,,,,5.0
2011-07-07,,,,,4.742374856046551
2011-07-08,,,,,4.12496151994653
2011-07-11,,,,,3.8174996113106507
2011-07-12,,,,,3.720196197620717
2011-07-13,,,,,3.716720411145851
2011-07-14,,,,,3.222522367456104
2011-07-15,,,,,2.98260311971731
2011-07-18,,,,,3.0685891667788585
2011-07-19,,,,,2.6321138758646745
2011-07-20,,,,,2.1475065083916993
2011-07-21,,,,,1.8621804383231766
2011-07-22,,,,,1.5681633866354279
2011-07-25,,,,,1.4195788757978998
2011-07-26,,,,,0.8245360462206386
2011-07-27,,,,,0.1157837921473033
2011-07-28,,,,,-0.27060085667454303
2011-07-29,,,,,-0.2881527330883682
2011-08-01,,,,,-0.5574327112282242
2011-08-02,,,,,-0.7438300924923428
2011-08-03,,,,,-1.9338961665728784
2011-08-04,,,,,-1.7134894801600065
2011-08-05,,,,,-2.904615608477372
2011-08-08,,,,,-3.591194824751087
2011-08-09,,,,,-2.9512743557466283
2011-08-10,,,,,-3.3025526537843306
2011-08-11,,,,,-3.45730195572985
2011-08-12,,,,,-3.290257063663035
2011-08-15,,,,,-2.358920700061609
2011-08-16,,,,,-2.3240528203512554
2011-08-17,,,,,-1.9585834376872813
2011-08-18,,,,,-2.4425285997408546
2011-08-19,,,,,-2.319259911627468
2011-08-22,,,,,-2.6773464928535664
2011-08-23,,,,,-2.565759155423294
2011-08-24,,,,,-2.4746741101329195
2011-08-25,,,,,-2.9168884519366305
2011-08-26,,,,,-3.4106929878554926
2011-08-29,,,,,-3.0860490347388394
2011-08-30,,,,,-3.1100078690732
2011-08-31,,,,,-3.593870429116518
2011-09-01,,,,,-3.655585695770054
2011-09-02,,,,,-3.9793213047200253
2011-09-05,,,,,-4.5114818520480675
2011-09-06,,,,,-4.492651464308331
2011-09-07,,,,,-4.077832486105398
2011-09-08,,,,,-3.7681374297578163
2011-09-09,,,,,-4.222600349954752
2011-09-12,,,,,-3.6372071129801693
2011-09-13,,,,,-3.7057795718311257
2011-09-14,,,,,-3.654615575742488
2011-09-15,,,,,-4.144609267880685
2011-09-16,,,,,-3.8515359040479304
2011-09-19,,,,,-3.3084472153053186
2011-09-20,,,,,-2.7687964605406368
2011-09-21,,,,,-2.7561469164511267
2011-09-22,,,,,-2.703385683468478
2011-09-23,,,,,-2.5634047460436116
2011-09-26,,,,,-2.6099356665374773
2011-09-27,,,,,-2.4111106014831014
2011-09-28,,,,,-2.368239193114075
2011-09-29,,,,,-2.17327963842292
2011-09-30,,,,,-1.9400591621165588
2011-10-03,,,,,-2.0253576433786598
2011-10-04,,,,,-1.9707618348391227
2011-10-05,,,,,-1.9670262003526198
2011-10-06,,,,,-2.0465239747499324
2011-10-07,,,,,-2.083985378166696
2011-10-10,,,,,-1.933256660278869
2011-10-11,,,,,-1.9982724532615503
2011-10-12,,,,,-1.8529020315918405
2011-10-13,,,,,-1.7506768512662412
2011-10-14,,,,,-1.6534690395738703
2011-10-17,,,,,-2.150754571572821
2011-10-18,,,,,-2.260439567917768
2011-10-19,,,,,-2.406811596652035
2011-10-20,,,,,-2.300297813087913
2011-10-21,,,,,-2.180033764042792
2011-10-24,,,,,-2.209572160122958
2011-10-25,,,,,-2.065751455722378
2011-10-26,,,,,-2.0608419627239396
2011-10-27,,,,,-1.9224450837818203
2011-10-28,,,,,-1.7860951266880039
2011-10-31,,,,,-1.6399723665570227
2011-11-01,,,,,-1.6891633150273897
2011-11-02,,,,,-1.734886542309806
2011-11-03,,,,,-1.6595602464907375
2011-11-04,,,,,-1.7390796522500678
2011-11-07,,,,,-1.790739723133507
2011-11-08,,,,,-1.7133869584477823
2011-11-09,,,,,-1.6847623238457448
2011-11-10,,,,,-1.6891881480057487
2011-11-11,,,,,-1.5856874025504493
2011-11-14,,,,,-1.6578145049906308
2011-11-15,,,,,-1.448111612720218
2011-11-16,,,,,-1.3662274658560145
2011-11-17,,,,,-1.4218676873118556
2011-11-18,,,,,-1.4707492225505745
2011-11-21,,,,,-1.4080459785678887
2011-11-22,,,,,-1.340628601149255
2011-11-23,,,,,-1.2930734382937297
2011-11-24,,,,,-1.2619202065228436
2011-11-25,,,,,-1.2490464492536733
2011-11-28,,,,,-1.2612210793857805
2011-11-29,,,,,-1.2451556472471152
2011-11-30,,,,,-1.2248606376773101
2011-12-01,,,,,-1.2015707624220067
2011-12-02,,,,,-1.15324340086609
2011-12-05,,,,,-1.1181030653625894
2011-12-06,,,,,-0.9677585713311261
2011-12-07,,,,,-0.8886098704739143
2011-12-08,,,,,-0.891390665503015
2011-12-09,,,,,-0.8490082139006141
2011-12-12,,,,,-0.7698837297001455
2011-12-13,,,,,-0.6782478604392286
2011-12-14,,,,,-0.6774944000561866
2011-12-15,,,,,-0.680397124720191
2011-12-16,,,,,-0.6455562412831418
2011-12-19,,,,,-0.5538321703133174
2011-12-20,,,,,-0.49741026177436787
2011-12-21,,,,,-0.5050446531401601
2011-12-22,,,,,-0.4832851947721851
2011-12-23,,,,,-0.47353875785102323
2011-12-26,,,,,-0.45179162186407634
2011-12-27,,,,,-0.42238508016105514
2011-12-28,,,,,-0.41785417745568243
2011-12-29,,,,,-0.4455320369451383
2011-12-30,,,,,-0.428407817322465
2012-01-02,,,,,-0.3246458843124313
2012-01-03,,,,,-0.325915882532872
2012-01-04,,,,,-0.2589791239658253
2012-01-05,,,,,-0.1569126563893244
2012-01-06,,,,,-0.15249892387043448
2012-01-09,,,,,-0.12804313046093727
2012-01-10,,,,,-0.043430617477984906
2012-01-11,,,,,0.006673708210230993
2012-01-12,,,,,0.061512025437758334
2012-01-13,,,,,0.05371869893093074
2012-01-16,,,,,0.08382593938801951
2012-01-17,,,,,-0.0012924385002582779
2012-01-18,,,,,-0.006405598863478752
2012-01-19,,,,,0.02791096725836232
2012-01-20,,,,,0.034232640729980765
2012-01-23,,,,,0.031851418243953954
2012-01-24,,,,,0.023778952497046278
2012-01-25,,,,,-0.0036761344302752483
2012-01-26,,,,,-0.008280084297036583
2012-01-27,,,,,-0.02127167043532957
2012-01-30,,,,,0.0017726502213314156
2012-01-31,,,,,0.003945662941944007
2012-02-01,,,,,0.030661990441674458
2012-02-02,,,,,0.009806837551696727
2012-02-03,,,,,-0.02815601659736093
2012-02-06,,,,,-0.04651877139173285
2012-02-07,,,,,-0.03222996061242068
2012-02-08,,,,,-0.030832430958336394
2012-02-09,,,,,0.014457529742910072
2012-02-10,,,,,0.023224403994640173
2012-02-13,,,,,-0.012224847975335002
2012-02-14,,,,,-0.05925914887722565
2012-02-15,,,,,-0.02258240701395057
2012-02-16,,,,,-0.036840842832789406
2012-02-17,,,,,-0.004165217104222143
2012-02-20,,,,,0.01904661005622442
2012-02-21,,,,,0.00525111304673459
2012-02-22,,,,,0.01842580378131737
2012-02-23,,,,,0.0914138382458869
2012-02-24,,,,,0.098029102970718
2012-02-27,,,,,0.08550803441560748
2012-02-28,,,,,0.08165895907844155
2012-02-29,,,,,0.09478081287993206
2012-03-01,,,,,0.09024710653726362
2012-03-02,,,,,0.07714945148411165
2012-03-05,,,,,0.13590116865153076
2012-03-06,,,,,0.13526212475825228
2012-03-07,,,,,0.13594363929345465
2012-03-08,,,,,0.13341671419110207
2012-03-09,,,,,0.136056278856326
2012-03-12,,,,,0.14312496675545405
2012-03-13,,,,,0.17946366196765473
2012-03-14,,,,,0.21205632428922935
2012-03-15,,,,,0.21359655527203678
2012-03-16,,,,,0.20476864527349836
2012-03-19,,,,,0.14779838132423842
2012-03-20,,,,,0.17092857508710954
2012-03-21,,,,,0.17088580267411219
2012-03-22,,,,,0.16467846930779545
2012-03-23,,,,,0.14214411983732503
2012-03-26,,,,,0.1294298348535695
2012-03-27,,,,,0.14546589753161918
2012-03-28,,,,,0.14397694441504563
2012-03-29,,,,,0.12988373658528338
2012-03-30,,,,,0.15440851417003285
2012-04-02,,,,,0.17380445780947762
2012-04-03,,,,,0.15126321070456084
2012-04-04,,,,,0.1597958018918118
2012-04-05,,,,,0.16593923699624497
2012-04-06,,,,,0.16997496969562004
2012-04-09,,,,,0.18576125955458567
2012-04-10,,,,,0.24241785624185358
2012-04-11,,,,,0.24529343217394292
2012-04-12,,,,,0.24378170161873702
2012-04-13,,,,,0.264829976996718
2012-04-16,,,,,0.2544513225316547
2012-04-17,,,,,0.27481424149630895
2012-04-18,,,,,0.27309944954347176
2012-04-19,,,,,0.2831082512431906
2012-04-20,,,,,0.30488960891575345
2012-04-23,,,,,0.3005571217518041
2012-04-24,,,,,0.314662036460386
2012-04-25,,,,,0.31690715670048825
2012-04-26,,,,,0.3142638195462099
2012-04-27,,,,,0.32044015364728645
2012-04-30,,,,,0.3005610061411476
2012-05-01,,,,,0.3047587230699451
2012-05-02,,,,,0.3169898896549127
2012-05-03,,,,,0.3415053839994858
2012-05-04,,,,,0.34493172147126083
2012-05-07,,,,,0.35640219112458077
2012-05-08,,,,,0.39645667426978876
2012-05-09,,,,,0.3971468502954092
2012-05-10,,,,,0.39337302777968236
2012-05-11,,,,,0.437435304133868
2012-05-14,,,,,0.45745159625838
2012-05-15,,,,,0.45814190195058324
2012-05-16,,,,,0.4650628783845305
2012-05-17,,,,,0.47157079316061695
2012-05-18,,,,,0.48517444020963685
2012-05-21,,,,,0.4715509373427466
2012-05-22,,,,,0.4697991948836682
2012-05-23,,,,,0.47165382026788255
2012-05-24,,,,,0.46789111367258823
2012-05-25,,,,,0.47661326086943046
2012-05-28,,,,,0.4805739830183042
2012-05-29,,,,,0.5095592723635105
2012-05-30,,,,-1.0286660512110148,0.5252396857855358
2012-05-31,,,,-1.9585005209238222,0.5355320895963719
2012-06-01,,,,-3.0529301460898566,0.5580126124381322
2012-06-04,,,,-2.2189745303605903,0.5798985329264768
2012-06-05,,,,-4.273687663615868,0.6071767913136803
2012-06-06,,,,-4.620165508139323,0.6249269523605328
2012-06-07,,,,-5.0,0.6598897362923958
2012-06-08,,,,-5.0,0.6698068357808219
2012-06-11,,,,-5.0,0.6626003826208668
2012-06-12,,,,-5.0,0.6714602285429002
2012-06-13,,,,-5.0,0.6811383508633626
2012-06-14,,,,-5.0,0.7246699866634027
2012-06-15,,,,-5.0,0.7977555507205546
2012-06-18,,,,-5.0,0.763683403317396
2012-06-19,,,,-5.0,0.7930099724095535
2012-06-20,,,,-5.0,0.8228066285364256
2012-06-21,,,,-5.0,0.8128996030866998
2012-06-22,,,,-5.0,0.7863065706111092
2012-06-25,,,,-5.0,0.7477543107684309
2012-06-26,,,,-5.0,0.7379643193996566
2012-06-27,,,,-5.0,0.7864919856294181
2012-06-28,,,,-5.0,0.7642953170081997
2012-06-29,,,,-5.0,0.7417193099826104
2012-07-02,,,,-5.0,0.7589420670542871
2012-07-03,,,,-5.0,0.7262872575452113
2012-07-04,,,,-5.0,0.7121833136128993
2012-07-05,,,,-5.0,0.731276885490218
2012-07-06,,,,-5.0,0.7302663309384371
2012-07-09,,,,-5.0,0.7876958114097318
2012-07-10,,,,-5.0,0.8133179717798731
2012-07-11,,,,-5.0,0.8260778024690036
2012-07-12,,,,-5.0,0.8351102360933643
2012-07-13,,,,-5.0,0.8174352855339497
2012-07-16,,,,-5.0,0.8685920266050067
2012-07-17,,,,-5.0,0.9097508916336694
2012-07-18,,,,-5.0,0.9147429357144229
2012-07-19,,,,-5.0,0.8990315842079248
2012-07-20,,,,-5.0,0.8665071855340386
2012-07-23,,,,-5.0,0.8683414845660623
2012-07-24,,,,-5.0,0.894688110097748
2012-07-25,,,,-5.0,0.9061065553252646
2012-07-26,,,,-5.0,0.8970210242737677
2012-07-27,,,,-5.0,0.8949593456708024
2012-07-30,,,,-5.0,0.9123188146707868
2012-07-31,,,,-5.0,0.9414611112530313
2012-08-01,,,,-5.0,0.9880061185961523
2012-08-02,,,,-5.0,1.090792414284547
2012-08-03,,,,-5.0,1.0995083712830664
2012-08-06,,,,-5.0,1.0734161467992542
2012-08-07,,,,-5.0,1.0710240821277284
2012-08-08,,,,-5.0,1.0968481455287395
2012-08-09,,,,-5.0,1.0969266469669272
2012-08-10,,,,-5.0,1.1002539619863085
2012-08-13,,,,-5.0,1.1331182062301512
2012-08-14,,,,-5.0,1.0879056783339023
2012-08-15,,,,-5.0,1.149116809254685
2012-08-16,,,,-5.0,1.1397790272765163
2012-08-17,,,,-5.0,1.0022364298350492
2012-08-20,,,,-4.904483109263868,0.802993711996096
2012-08-21,,,,-4.565799586638443,0.7909701944206141
2012-08-22,,,,-4.2224962845314264,0.765763529769002
2012-08-23,,,,-4.283095918295577,0.7761079325723357
2012-08-24,,,,-4.2554523274429945,0.7985333251734537
2012-08-27,,,,-4.001355872346837,0.8169198539696978
2012-08-28,,,,-3.5735266956187406,0.7879885887867633
2012-08-29,,,,-3.17872837950956,0.7566111868507769
2012-08-30,,,,-2.512513557947479,0.7263719682916058
2012-08-31,,,,-1.8627517051416855,0.5905748292278011
2012-09-03,,,,-1.8599482090296036,0.6115370946077358
2012-09-04,,,,-1.6971470797003259,0.5726103430890932
2012-09-05,,,,-1.724075227242691,0.6113468184521035
2012-09-06,,,,-1.6016551618639314,0.6121680942274244
2012-09-07,,,,-1.4784858152339921,0.5875650069973994
2012-09-10,,,,-1.3713145215494873,0.5502589431465881
2012-09-11,,,,-1.3505160566267924,0.5563738628052857
2012-09-12,,,,-1.3105417216191488,0.5138173035843001
2012-09-13,,,,-1.2406690177518307,0.47846052330349115
2012-09-14,,,,-1.233791856367084,0.4884359827429846
2012-09-17,,,,-1.1848701475198653,0.5742559683289027
2012-09-18,,,,-1.181018205504142,0.7588879395465158
2012-09-19,,,,-1.1689683723203783,0.788480606481118
2012-09-20,,,,-1.1039716975932041,0.7886503579207785
2012-09-21,,,,-1.0543919592787476,0.7383500855096108
2012-09-24,,,,-0.9557089858570937,0.648920738276431
2012-09-25,,,,-0.9442586862696,0.6195011314106228
2012-09-26,,,,-0.9486589639462938,0.6274504700038742
2012-09-27,,,,-0.9382682197906356,0.6297872113329752
2012-09-28,,,,-0.9348038379301769,0.672273868628127
2012-10-01,,,,-0.9004954556442445,0.721655398043876
2012-10-02,,,,-0.9460140058081624,0.690030130905697
2012-10-03,,,,-0.9352433315875186,0.6789914203631167
2012-10-04,,,,-0.8852094603081888,0.594425729533872
2012-10-05,,,,-0.829745775746111,0.55631374728961
2012-10-08,,,,-0.6507306339217738,0.39450776105131474
2012-10-09,,,,-0.6652876476356402,0.3572276222363433
2012-10-10,,,,-0.680594433950396,0.3686928503575283
2012-10-11,,,,-0.6676092294161119,0.2796398491621242
2012-10-12,,,,-0.6571883250987743,0.23732852016453632
2012-10-15,,,,-0.6119403975747054,0.14204248165373595
2012-10-16,,,,-0.5867301892156466,0.13420273439411234
2012-10-17,,,,-0.5681865286303699,0.12392846268311422
2012-10-18,,,,-0.5505298603375127,0.08953257242774158
2012-10-19,,,,-0.5277890750331821,0.06198875139595072
2012-10-22,,,,-0.5064187228234085,0.03301482070480282
2012-10-23,,,,-0.4927472720541727,0.03940988055649111
2012-10-24,,,,-0.47265172721167353,0.001602161485654577
2012-10-25,,,,-0.334278220117587,-0.2080847049368684
2012-10-26,,,,-0.2485046308435341,-0.35921290026028785
2012-10-29,,,,-0.2953842992589445,-0.2791745044842777
2012-10-30,,,,-0.31005816931370306,-0.3036681732939719
2012-10-31,,,,-0.3331219227052503,-0.317947696659373
2012-11-01,,,,-0.2487358267798821,-0.4439523501570381
2012-11-02,,,,-0.24418902826807154,-0.45001829341421307
2012-11-05,,,,-0.2584132619162349,-0.4070224533480783
2012-11-06,,,,-0.27177692539742304,-0.29096906768334024
2012-11-07,,,,-0.27583228003517224,-0.30808342595409616
2012-11-08,,,,-0.263806407435914,-0.3868221830632943
2012-11-09,,,,-0.23877938712162486,-0.4140775846516647
2012-11-12,,,,-0.23879903269061659,-0.42665039550489675
2012-11-13,,,,-0.22528137877692908,-0.4346619760004781
2012-11-14,,,,-0.21953589699301415,-0.3570649826049918
2012-11-15,,,,-0.2548573159815113,-0.18392834500778735
2012-11-16,,,,-0.3252902556881282,-0.06973606984197646
2012-11-19,,,,-0.30279965705426193,-0.03268610103274859
2012-11-20,,,,-0.2811161283858065,-0.06547610631726708
2012-11-21,,,,-0.22798083796617677,-0.09807497049242987
2012-11-22,,,,-0.2575217043863614,0.0011262895236258462
2012-11-23,,,,-0.23258255749910242,0.08937343078941774
2012-11-26,,,,-0.16972593855976872,0.13666943892004008
2012-11-27,,,,-0.11994625860895951,0.0724951976335219
2012-11-28,,,,-0.10476494108162873,0.10673695890027482
2012-11-29,,,,-0.11663609238710576,0.062973920414607
2012-11-30,,,,-0.11789189550516005,0.1359137156797268
2012-12-03,,,,-0.0932965328024302,0.09833466340741007
2012-12-04,,,,-0.16908876284486044,0.20955974031283806
2012-12-05,,,,-0.14456493993100028,0.17440529679436476
2012-12-06,,,,-0.16012663911847924,0.17546853652631508
2012-12-07,,,,-0.14765626335571833,0.16392761957802607
2012-12-10,,,,-0.12426094459156875,0.1210475490574336
2012-12-11,,,,-0.14298203793157918,0.12694051945900248
2012-12-12,,,,-0.15552829083386013,0.09388324165764234
2012-12-13,,,,-0.15847276773560745,0.08001604450940301
2012-12-14,,,,-0.10081817532991874,-0.016293635298519366
2012-12-17,,,,-0.0008923522715953759,-0.1764055433349452
2012-12-18,,,,0.02631141941845292,-0.16379342105746691
2012-12-19,,,,-0.008117111030654411,-0.09698657049371674
2012-12-20,,,,0.0014397981709817489,-0.08868643786971005
2012-12-21,,,,0.04328162150828515,-0.2201430193134922
2012-12-24,,,,0.07946736908341,-0.24179537933034098
2012-12-25,,,,0.10057951739322803,-0.2523016302232567
2012-12-26,,,,0.08730130231021908,-0.18617668161400425
2012-12-27,,,,0.11475901515424335,-0.24396818211928617
2012-12-28,,,,0.11273532114536029,-0.321966618586718
2012-12-31,,,,0.11645902005445939,-0.3244506385236953
2013-01-01,,,,0.17360610785690359,-0.43921070757089614
2013-01-02,,,,0.20715070410428846,-0.5655247325512354
2013-01-03,,,,0.20058700212978411,-0.416946039567328
2013-01-04,,,,0.18978381478871129,-0.4731310798153088
2013-01-07,,,,0.19516307664976154,-0.476199118007926
2013-01-08,,,,0.1410035283473444,-0.503740510676338
2013-01-09,,,,0.13791907746757065,-0.5283577138336794
2013-01-10,,,,0.06311981857668304,-0.468778810380266
2013-01-11,,,,0.04098662932187447,-0.4198563838591952
2013-01-14,,,,0.0517164697058163,-0.3343027598701314
2013-01-15,,,,0.060762590791182854,-0.29217463021891144
2013-01-16,,,,-0.029547781163175683,-0.15152080213331257
2013-01-17,,,,-0.24429927025036294,0.03990910348092053
2013-01-18,,,,-0.2643210943956004,0.053727575472377075
2013-01-21,,,,-0.4693429564424588,0.36779273599664053
2013-01-22,,,,-0.563099356268775,0.5729049943351839
2013-01-23,,,,-0.5950422584561431,0.6723115064940914
2013-01-24,,,,-0.4295463810144788,0.3991415820897534
2013-01-25,,,,-0.5246156435323759,0.39286494485136125
2013-01-28,,,,-0.7610572550075837,0.6350062874426369
2013-01-29,,,,-0.8861163860983812,0.8226399938386093
2013-01-30,,,,-0.9060655546740644,0.8578885852939993
2013-01-31,,,,-1.0064875446590318,0.9587401883202696
2013-02-01,,,,-0.9355484720472005,0.8863500945473779
2013-02-04,,,,-0.8743537312149112,0.8115235477604593
2013-02-05,,,,-0.8860519702580972,0.7854329556622265
2013-02-06,,,,-0.950515596475956,0.8329034221063605
2013-02-07,,,,-1.0705393640830907,0.8725878576463874
2013-02-08,,,,-1.1431712174147748,0.9015156520439402
2013-02-11,,,,-1.310941907619739,1.223663523839918
2013-02-12,,,,-1.3164780345677267,1.422761164352984
2013-02-13,,,,-1.2296860982723419,1.315908051519018
2013-02-14,,,,-1.546216873654316,1.6078778088794212
2013-02-15,,,,-1.4973101083341898,1.4397218920035242
2013-02-18,,,,-1.402704947749666,1.3204897050200828
2013-02-19,,,,-1.6626055753109699,1.4237945642409828
2013-02-20,,,,-1.6501320087604145,1.3934760218884668
2013-02-21,,,,-1.581908359407893,1.3595927035423143
2013-02-22,,,,-1.5759297886280206,1.4747869279885817
2013-02-25,,,,-1.4128450172166191,1.4278528295287451
2013-02-26,,,,-1.3737156132806068,1.3176095194733137
2013-02-27,,,,-1.3213068535494763,1.2369140744065892
2013-02-28,,,,-1.467625973992255,1.3305707286724144
2013-03-01,,,,-1.465051404625808,1.3092891497461627
2013-03-04,,,,-1.4760378730653778,1.452412423979102
2013-03-05,,,,-1.6772249639265442,1.7570369713856566
2013-03-06,,,,-1.7401280865832038,1.9090087598425265
2013-03-07,,,,-1.59927548453703,1.7565941283633215
2013-03-08,,,,-1.6659092347131297,1.7856910852682535
2013-03-11,,,,-1.8171843618610457,1.9672893283229913
2013-03-12,,,,-1.5150866144704587,1.5970265654082425
2013-03-13,,,,-1.5879232498086915,1.7061705671013205
2013-03-14,,,,-1.4776264540012314,1.6884507907317612
2013-03-15,,,,-1.3438109096924624,1.5395128239479665
2013-03-18,,,,-1.4150781507961814,1.7772630108275287
2013-03-19,,,,-1.594835844250951,2.2004608738310423
2013-03-20,,,,-1.6097942950682498,2.267322074043365
2013-03-21,,,,-1.7287862727330379,2.487040398810218
2013-03-22,,,,-1.6529327297021765,2.402357602628648
2013-03-25,,,,-1.683555765241888,2.5085118584192445
2013-03-26,,,,-1.7071858359073986,2.6425040616742437
2013-03-27,,,,-1.8140690706257532,2.8817051328156604
2013-03-28,,,,-1.7019304147631225,2.806224912124992
2013-03-29,,,,-1.6755916891154652,2.805274664520332
2013-04-01,,,,-1.808211006091835,3.113673527040462
2013-04-02,,,,-1.9063655810376792,3.39910484941133
2013-04-03,,,,-2.0075706101207436,3.537300150483871
2013-04-04,,,,-1.9900461323129663,3.4465504998335605
2013-04-05,,,,-2.0253756353931767,3.5938381274512707
2013-04-08,,,,-2.318564143918741,4.142715209334081
2013-04-09,,,,-2.5376745953244013,4.4273889132059905
2013-04-10,,,,-1.9797297827483966,3.7370361106279186
2013-04-11,,,,-1.0438737881141196,1.9558404566543788
2013-04-12,,,,-1.4038528511676884,2.6448481333807528
2013-04-15,,,,-0.9360692153630829,1.816069516092644
2013-04-16,,,,-0.6876914357168321,1.2340230359625046
2013-04-17,,,,-1.057560004261797,1.7942287617983406
2013-04-18,,,,-1.2272859055370746,2.040218786507785
2013-04-19,,,,-1.3084274834023493,2.1532614736678912
2013-04-22,,,,-1.3321668616391475,2.293564670684599
2013-04-23,,,,-1.4492742329197015,2.4479829613659887
2013-04-24,,,,-1.5292099120561233,2.4975181325796494
2013-04-25,,,,-1.3630591521883744,2.094900550626886
2013-04-26,,,,-1.2776293564380574,2.0252297087809605
2013-04-29,,,,-1.2806827747816252,2.0700285319377896
2013-04-30,,,,-1.1912665281202037,1.8186032487634747
2013-05-01,,,,-0.9512146845972248,1.3065314766072629
2013-05-02,,,,-0.826056311059697,1.0020723661199622
2013-05-03,,,,-0.687898102391593,0.7645238894884757
2013-05-06,,,,-0.8269182371232247,0.9835839519109892
2013-05-07,,,,-0.7889681203356743,0.6970437917997188
2013-05-08,,,,-0.765043620747477,0.5377061705882928
2013-05-09,,,,-0.7311951651275246,0.7605820621714227
2013-05-10,,,,-0.7720554912329427,1.3195921386894918
2013-05-13,,,,-0.7298304596216071,1.0191301793579002
2013-05-14,,,,-0.6128398516935336,0.9913468324903815
2013-05-15,,,,-0.6066290305952817,1.0986765595240608
2013-05-16,,,,-0.6290740333886123,0.9068956322253822
2013-05-17,,,,-0.6517006451122037,0.7620910602513943
2013-05-20,,,,-0.623978277330717,0.667649787787451
2013-05-21,,,,-0.5974600409215951,0.5970532767345648
2013-05-22,,,,-0.5935912982217648,0.5174625398476299
2013-05-23,,,,-0.6067671589226047,0.5104335023715582
2013-05-24,,,,-0.6267777870957116,0.6067044007498235
2013-05-27,,,,-0.577379012872287,0.5719832314672868
2013-05-28,,,,-0.5517579826077272,0.48294468611601
2013-05-29,,,,-0.5644970926067127,0.48605288089647075
2013-05-30,,,,-0.5268446598105203,0.5229258785029425
2013-05-31,,,,-0.5327655631137912,0.5076413576574901
2013-06-03,,,,-0.4718607197432262,0.45659082500851467
2013-06-04,,,,-0.43892534358408075,0.31432891843745997
2013-06-05,,,,-0.4291824697535451,0.2830035803929388
2013-06-06,,,,-0.39802629033183046,0.18340056971738425
2013-06-07,,,,-0.3071583221771165,0.0691176705553437
2013-06-10,,,,-0.22957971149690354,-0.10329888684604617
2013-06-11,,,,-0.24864809587084452,-0.05442023242364907
2013-06-12,,,,-0.22825301076508453,-0.013225383688394935
2013-06-13,,,,-0.16417179423983144,-0.16706970150101796
2013-06-14,,,,-0.12988498503497078,-0.3107581017580291
2013-06-17,,,,-0.12277659163533146,-0.3556039428236441
2013-06-18,,,,-0.14744902126153908,-0.34108818724052364
2013-06-19,,,,-0.13046696156321996,-0.32916682850787027
2013-06-20,,,,-0.11943884035041158,-0.3800821707315584
2013-06-21,,,,-0.07727015207702402,-0.490018558211309
2013-06-24,,,,-0.030134447731342853,-0.6275480448465062
2013-06-25,,,,-0.005368628247384891,-0.6319072557950756
2013-06-26,,,,0.0003680970605066442,-0.6342315500541235
2013-06-27,,,,0.03730420891774146,-0.7564750080770253
2013-06-28,,,,0.1393889878506137,-0.9292607070205338
2013-07-01,,,,0.24775675686542536,-1.118756377569307
2013-07-02,,,,0.20403639339009086,-0.9883205583498735
2013-07-03,,,,0.3479527916583348,-1.2185860859548951
2013-07-04,,,,0.33316830515579005,-1.3215563129877017
2013-07-05,,,,0.5067995932966104,-1.685192618362835
2013-07-08,,,,0.42224390475653767,-1.3018599957538635
2013-07-09,,,,0.4145784489718516,-0.9283581305038487
2013-07-10,,,,0.27954938179283606,-0.8702557358211562
2013-07-11,,,,0.25226007473352313,-0.6771015524034505
2013-07-12,,,,0.2270122086109727,-0.5364014795948666
2013-07-15,,,,0.19220254745810494,-0.5955089408184514
2013-07-16,,,,0.21981082461849186,-0.7347513102802257
2013-07-17,,,,0.24096992433678535,-0.8367144261369766
2013-07-18,,,,0.3327961325231425,-0.9876827179909218
2013-07-19,,,,0.3216576926719558,-0.998637842388622
2013-07-22,,,,0.3425742572580046,-1.0318914839822886
2013-07-23,,,,0.33380984326611796,-0.9716448801932597
2013-07-24,,,,0.323228313756271,-0.9267795312542914
2013-07-25,,,,0.3044993542365449,-0.9069099589757696
2013-07-26,,,,0.31798148616943794,-0.8804715583804308
2013-07-29,,,,0.29405056050872785,-0.6540311361708592
2013-07-30,,,,0.2673106127990921,-0.47728847864345053
2013-07-31,,,,0.26946146422006223,-0.4459992572715053
2013-08-01,,,,0.3062223106545509,-0.4215288829892279
2013-08-02,,,,0.3242624694693123,-0.4508045803681046
2013-08-05,,,,0.3233369153466776,-0.28940618982702304
2013-08-06,,,,0.3178773750962276,-0.40035143285754987
2013-08-07,,,,0.3178142960493774,-0.4472327576247862
2013-08-08,,,,0.3570884718143868,-0.6053986320812954
2013-08-09,,,,0.3904708823801159,-0.6687786270394264
2013-08-12,,,,0.36699539578743084,-0.6335625615171939
2013-08-13,,,,0.3351194353735345,-0.6345921378882756
2013-08-14,,,,0.31748858102821864,-0.6351658738287116
2013-08-15,,,,0.3443324543017989,-0.6483895165657992
2013-08-16,,,,0.3554739501315704,-0.5761920327212119
2013-08-19,,,,0.28722883786064535,-0.526334442274425
2013-08-20,,,,0.23840664615624016,-0.5160081446377003
2013-08-21,,,,0.1332315394951388,-0.44514307954831944
2013-08-22,,,,0.157932694143902,-0.46364263509918113
2013-08-23,,,,0.1778236736390358,-0.5309635269755237
2013-08-26,,,,0.10632577579181782,-0.46552563189977064
2013-08-27,,,,0.021909113462154066,-0.4115242988689407
2013-08-28,,,,0.011621325340353195,-0.4814577230766406
2013-08-29,,,,0.00783967834753246,-0.4841424356185327
2013-08-30,,,,-0.0741078526802472,-0.3160806105950991
2013-09-02,,,,-0.11598861088876553,-0.23946921759244277
2013-09-03,,,,-0.09391917233289093,-0.29030701651868945
2013-09-04,,,,0.017817294217447446,-0.31353706292111705
2013-09-05,,,,0.030221285313234106,-0.29215354245486336
2013-09-06,,,,0.11972137436301547,-0.34044198761869876
2013-09-09,,,,0.08806847945013334,-0.24708242419867327
2013-09-10,,,,0.08675660586325604,-0.2743723832829593
2013-09-11,,,,0.023053147438163727,-0.27489662128355924
2013-09-12,,,,0.04770339711027704,-0.3271905304170807
2013-09-13,,,,0.05111521374554315,-0.3803597914183682
2013-09-16,,,,0.09176199944932255,-0.4035222158551672
2013-09-17,,,,0.08612162874014438,-0.48277514113785375
2013-09-18,,,,0.09758995553429752,-0.51589455322883
2013-09-19,,,,0.15826383250587348,-0.6781307806433664
2013-09-20,,,,0.19267132661662834,-0.6665798240816405
2013-09-23,,,,0.22281362640006655,-0.6692335073211155
2013-09-24,,,,0.22034704491058568,-0.7596888956330212
2013-09-25,,,,0.24001872102687644,-0.8273774033171132
2013-09-26,,,,0.26561925600920666,-0.8248164125751324
2013-09-27,,,,0.27054857582096564,-0.8284580643939876
2013-09-30,,,,0.32316539784251663,-0.8573484953293239
2013-10-01,,,,0.32954738746191026,-0.9948111540690986
2013-10-02,,,,0.8172768240391446,-1.4187122531613794
2013-10-03,,,,0.5568248459540888,-0.9445999739939259
2013-10-04,,,,0.49147434849306626,-0.522506122226369
2013-10-07,,,,0.4884278784512745,-0.6677407684120382
2013-10-08,,,,0.48943917690795785,-0.5321535668260169
2013-10-09,,,,0.4854369378568386,-0.4455911508557762
2013-10-10,,,,0.49042675569742744,-0.6517135363413251
2013-10-11,,,,0.5019319202072298,-0.7004112714176454
2013-10-14,,,,0.3867533217298701,-0.6257292924882195
2013-10-15,,,,0.2956916921380126,-0.5204330907603373
2013-10-16,,,,0.36712974573195695,-0.635350619218831
2013-10-17,,,,0.28950115040914964,-0.5850318649584975
2013-10-18,,,,0.168534266515559,-0.39443735589134515
2013-10-21,,,,-0.17774661508210438,-0.02391441125127618
2013-10-22,,,,-0.28818470762860093,0.05669256486133919
2013-10-23,,,,-0.4346442823820691,0.21849773434601205
2013-10-24,,,,-0.28624676041059843,0.14275619111761265
2013-10-25,,,,-0.1524749131139154,0.026786944100409743
2013-10-28,,,,-0.25493083388164306,0.14971225475249136
2013-10-29,,,,-0.3303648703942784,0.14945321551316357
2013-10-30,,,,-0.21953709116162318,0.040104935048690046
2013-10-31,,,,-0.2534012838138028,0.2686717141736109
2013-11-01,,,,-0.2052483556494647,0.13307473079796223
2013-11-04,,,,-0.4443263501863501,0.3006548868352723
2013-11-05,,,,-0.587495780942793,0.39936742508238526
2013-11-06,,,,-0.754800333562745,0.5709784251708065
2013-11-07,,,,-0.9744869962944545,0.7057184267582225
2013-11-08,,,,-1.2608210329080838,0.9119286434399513
2013-11-11,,,,-1.2486244851285755,0.8812632177286783
2013-11-12,,,,-1.2801766418971166,0.8561824156857215
2013-11-13,,,,-1.5023636538956804,0.9935563725756072
2013-11-14,,,,-1.579956087915413,1.0486810082935578
2013-11-15,,,,-1.4653197863911893,0.920992824481866
2013-11-18,,,,-2.5079081986782388,1.6242692333904032
2013-11-19,,,,-2.026013021137284,1.1524496234028896
2013-11-20,,,,-2.170407834099823,1.2240102755075486
2013-11-21,,,,-2.559086730745105,1.4339941366790914
2013-11-22,,,,-2.727634910617459,1.6102251067358229
2013-11-25,,,,-2.641472967354042,1.6244293444609403
2013-11-26,,,,-2.810712537419199,1.7172132853834159
2013-11-27,,,,-2.8708980135767863,1.6817591907165192
2013-11-28,,,,-2.9337576317923317,1.7000865730348615
2013-11-29,,,,-3.104648862769076,1.8123975048088092
2013-12-02,,,,-2.8291913192006364,1.6569586938711482
2013-12-03,,,,-2.7303108254926407,1.5453588602636446
2013-12-04,,,,-2.751888618996137,1.5670876806142606
2013-12-05,,,,-2.475558466276603,1.3227666354745609
2013-12-06,,,,-1.941477961886171,0.934622723838863
2013-12-09,,,,-1.9714217080059988,0.926017836895886
2013-12-10,,,,-2.045128683516175,0.9928328186225474
2013-12-11,,,,-1.7556566789290622,0.7470756431522063
2013-12-12,,,,-1.6585671542091525,0.6134873587157146
2013-12-13,,,,-1.5975198284895655,0.5501077568116267
2013-12-16,,,,-1.0650482078555783,0.21074921361577256
2013-12-17,,,,-0.9941766961744458,-0.06331635169071638
2013-12-18,,,,-0.512176823791613,-0.29924223156105945
2013-12-19,,,,-0.8973494437806309,-0.022813953507987206
2013-12-20,,,,-0.6227151018607553,-0.3169393711678104
2013-12-23,,,,-0.7343063991069639,-0.23993434023282165
2013-12-24,,,,-0.6857821544548773,-0.24538845424162042
2013-12-25,,,,-0.7034516983807833,-0.29537293065684267
2013-12-26,,,,-0.8001366875024503,-0.1651172723392726
2013-12-27,,,,-0.6766573975258731,-0.259765851964264
2013-12-30,,,,-0.6452447829328365,-0.19348814384551277
2013-12-31,,,,-0.592797033553808,-0.23840488280276895
2014-01-01,,,,-0.6075546035538794,-0.22328880020892317
2014-01-02,,,,-0.6525287733659397,-0.2604127240878406
2014-01-03,,,,-0.6748528752017866,-0.19205454363311997
2014-01-06,,,,-0.8231112901431656,0.028744846035757627
2014-01-07,,,,-0.5925922616185276,-0.19150651417146222
2014-01-08,,,,-0.5882864135592689,-0.21400770883191716
2014-01-09,,,,-0.5393254099062842,-0.16623068058658422
2014-01-10,,,,-0.5261536756758612,-0.0998449852421152
2014-01-13,,,,-0.43889015392815384,-0.15032008396348315
2014-01-14,,,,-0.39897252750121975,-0.03665664940750059
2014-01-15,,,,-0.40779634908411916,-0.020460203540571285
2014-01-16,,,,-0.3185592566361095,0.024212895595431803
2014-01-17,,,,-0.24512672726711943,-0.16569600790326058
2014-01-20,,,,-0.2408069290251482,-0.058267336693753974
2014-01-21,,,,-0.17020270509429017,-0.11646428144433721
2014-01-22,,,,-0.12516031549744291,-0.11123087759319193
2014-01-23,,,,-0.06434222298455834,-0.15014560751271075
2014-01-24,,,,0.00859773050410615,-0.25951085551306596
2014-01-27,,,,0.11083928987691553,-0.2996315811765139
2014-01-28,,,,0.02961938066743753,-0.25330818129736177
2014-01-29,,,,0.052070119639669926,-0.2333847900341376
2014-01-30,,,,0.06946588365380466,-0.2656232758398446
2014-01-31,,,,0.08440101193080299,-0.30048796361885266
2014-02-03,,,,0.11363623133031904,-0.33848118593506205
2014-02-04,,,,0.1495433765730859,-0.47481044062870054
2014-02-05,,,,0.22927088251459757,-0.4761172348634634
2014-02-06,,,,0.31681973749320813,-0.5434117394696645
2014-02-07,,,,0.4730433959257796,-0.6582801469767294
2014-02-10,,,,0.5875624333572114,-0.7557637586297015
2014-02-11,,,,0.6368205292514093,-0.7823470500899196
2014-02-12,,,,0.6971949534776504,-0.808082806982484
2014-02-13,,,,0.8571257786364409,-1.0953712679755219
2014-02-14,,,,0.7706982346509785,-0.8751622045429025
2014-02-17,,,,0.8878025320192289,-0.9304269071980413
2014-02-18,,,,0.9169027371147205,-1.025675047592509
2014-02-19,,,,0.9333792888365858,-1.0712260979516317
2014-02-20,,,,1.096230284498155,-1.195243840831606
2014-02-21,,,,1.058962128880491,-1.1697752307600864
2014-02-24,,,,1.1802343357903384,-1.2621095240944762
2014-02-25,,,,1.213260255780055,-1.2669538603531638
2014-02-26,,,,1.0781847812796612,-1.2025452018803462
2014-02-27,,,,1.0771766296178384,-1.1455788634357618
2014-02-28,,,,1.1685356559620292,-1.2117890109811746
2014-03-03,,,,0.8858123007619344,-0.9309422795806188
2014-03-04,,,,0.8998091187857588,-0.8883904042973141
2014-03-05,,,,0.9100467626968436,-0.7972890410536274
2014-03-06,,,,0.9153451148529596,-0.8092291248643064
2014-03-07,,,,0.9988423706646642,-0.8764153231258669
2014-03-10,,,,1.0273959041800478,-0.7910438710261536
2014-03-11,,,,1.0283118672970046,-0.7345043472054644
2014-03-12,,,,1.0313326929224471,-0.7144445928437341
2014-03-13,,,,0.9890820745278266,-0.5748412249094924
2014-03-14,,,,1.0078843459503466,-0.5424356464652967
2014-03-17,,,,1.034271903408795,-0.5192755326026286
2014-03-18,,,,1.0264393994366263,-0.5742188824737496
2014-03-19,,,,1.000035517662966,-0.5285902899377374
2014-03-20,,,,1.0491242443324922,-0.6018930622228885
2014-03-21,,,,1.0969836975872982,-0.5541505461477787
2014-03-24,,,,1.0732178899087685,-0.5382827211200247
2014-03-25,,,,1.0477775485607335,-0.5162553898066293
2014-03-26,,,,1.0125473048010658,-0.4978588199646424
2014-03-27,,,,1.2510163021309797,-0.7456868125754015
2014-03-28,,,,1.1922182982197802,-0.7037232117755037
2014-03-31,,,,1.2900479024640727,-0.7840439115716685
2014-04-01,,,,1.196037027158566,-0.8419802220359616
2014-04-02,,,,1.304928380826385,-0.9620670836264851
2014-04-03,,,,1.248515301509142,-0.9548661245788579
2014-04-04,,,,1.2458243146551278,-0.8876113538167908
2014-04-07,,,,1.244571018874577,-0.8354397267853888
2014-04-08,,,,1.2015465654508404,-0.8318050469020762
2014-04-09,,,,1.21895018475859,-0.8937039169729979
2014-04-10,,,,1.489180281364188,-1.164033352948608
2014-04-11,,,,1.3033058063232024,-0.9516967576122134
2014-04-14,,,,1.1918274701946119,-0.8173280057558564
2014-04-15,,,,1.0379530102663659,-0.6686635103153595
2014-04-16,,,,1.0338660361543162,-0.6336234716689374
2014-04-17,,,,1.1247572109285402,-0.7628724509359163
2014-04-18,,,,1.1772346076149363,-0.7504641799517925
2014-04-21,,,,1.1443359306973604,-0.6479358026614965
2014-04-22,,,,1.167750253060702,-0.7175464703703799
2014-04-23,,,,1.1634277355345264,-0.7053126129670898
2014-04-24,,,,1.127598885790935,-0.6116848748336482
2014-04-25,,,,1.2416466924407747,-0.6203996111440361
2014-04-28,,,,1.3369961986167491,-0.7302107024693671
2014-04-29,,,,1.3201492781752515,-0.6760834696880665
2014-04-30,,,,1.3201882700294474,-0.7323896651883322
2014-05-01,,,,1.2744272416085984,-0.6485922311753245
2014-05-02,,,,1.2879835262300123,-0.733604797952432
2014-05-05,,,,1.3698761737867386,-0.8512980010396378
2014-05-06,,,,1.382881013644121,-0.8363235397572555
2014-05-07,,,,1.3484363090827272,-0.7802329199867691
2014-05-08,,,,1.3605267415358266,-0.8000824000317943
2014-05-09,,,,1.3270003522570266,-0.6028126214001751
2014-05-12,,,,1.3788794833517224,-0.7470957066240492
2014-05-13,,,,1.3902350870589384,-1.0508469219696057
2014-05-14,,,,1.3723773158439903,-1.0705515417230458
2014-05-15,,,,1.3726393239046315,-1.0913372625112434
2014-05-16,,,,1.3774159095016816,-1.105977674813647
2014-05-19,,,,1.395697816245011,-1.1173600193303967
2014-05-20,,,,1.2639490490760714,-0.9336330590926486
2014-05-21,,,,1.2566720180517226,-0.9559651399532711
2014-05-22,,,,1.1682171741024177,-0.8149966368469385
2014-05-23,,,,1.1800342985311496,-0.834855072795572
2014-05-26,,,,1.0317264880853636,-0.6306591724101547
2014-05-27,,,,1.074858988673697,-0.5608993351430861
2014-05-28,,,,1.0693583871763521,-0.523917391189459
2014-05-29,,,,1.0861169041807064,-0.6572185374220398
2014-05-30,,,,0.9610273852791243,-0.46491875710084696
2014-06-02,,,,0.8832976268481582,-0.20094937842023017
2014-06-03,,,,0.8711857961474957,-0.1726059935063217
2014-06-04,,,,0.9277705697338335,-0.2704130294004361
2014-06-05,,,,0.8722732764922034,-0.18510159658110967
2014-06-06,,,,0.8760682556007752,-0.20377217049682292
2014-06-09,,,,0.8766639193221176,-0.21937894046971465
2014-06-10,,,,0.8699604624578052,-0.0379946176569385
2014-06-11,,,,0.9105363074876858,-0.06425620948274154
2014-06-12,,,,0.9843234412826499,-0.04029480219400902
2014-06-13,,,,0.9629648982065502,-0.1359432438858276
2014-06-16,,,,0.989980717108971,-0.07185800881231996
2014-06-17,,,,0.9574229321926517,-0.03400667098614452
2014-06-18,,,,0.9651898330745959,-0.10294202140991247
2014-06-19,,,,0.981982710348547,-0.17408408999120858
2014-06-20,,,,0.9710973954335043,-0.3055444049330075
2014-06-23,,,,0.9511298329574661,-0.28279648520986195
2014-06-24,,,,0.9776673390278843,-0.3709207676632702
2014-06-25,,,,1.0216013180839907,-0.4244770668406244
2014-06-26,,,,0.9878566392179279,-0.3504562322984872
2014-06-27,,,,0.9134051674770743,-0.31125760609647396
2014-06-30,,,,0.8376868992772916,-0.24693976464213488
2014-07-01,,,,0.828388870745265,-0.37894345549632197
2014-07-02,,,,0.814405591094345,-0.29301900757862726
2014-07-03,,,,0.8246018457425491,-0.2694116570138653
2014-07-04,,,,0.8540147499609455,-0.37184115005784557
2014-07-07,,,,0.8827628619587309,-0.38980369000968423
2014-07-08,,,,0.8807616425066347,-0.28150930732088875
2014-07-09,,,,0.890190392503601,-0.36340888457143405
2014-07-10,,,,0.90216750282595,-0.412437141210768
2014-07-11,,,,0.866521797544328,-0.3007085410174174
2014-07-14,,,,0.9128860660050838,-0.3567869229486462
2014-07-15,,,,0.9226161753251971,-0.32617897236665094
2014-07-16,,,,0.9375275224481979,-0.35576669187883503
2014-07-17,,,,0.930708934538474,-0.3044526228153957
2014-07-18,,,,0.9252890520355981,-0.20995534676038435
2014-07-21,,,,0.9482804898673879,-0.1931990766157598
2014-07-22,,,,0.9672755632010388,-0.16374723291601367
2014-07-23,,,,0.9910080842455044,-0.1305126209373639
2014-07-24,,,,1.016655235281861,-0.12844719788289666
2014-07-25,,,,1.0127415851269441,-0.1851634692408519
2014-07-28,,,,1.055214077790711,-0.2912686627540991
2014-07-29,,,,1.071173309916942,-0.40920479104822677
2014-07-30,,,,1.1411298744861371,-0.4730295428309402
2014-07-31,,,,1.1349588602178298,-0.3307864717933301
2014-08-01,,,,1.1176465116866274,-0.2120796387481732
2014-08-04,,,,1.1455417107842727,-0.17316710220989148
2014-08-05,,,,1.1556657456857742,-0.1405257586387393
2014-08-06,,,,1.154733260508133,-0.1388937957796056
2014-08-07,,,,1.142414453502567,-0.068136554959447
2014-08-08,,,,1.135970466418229,0.007182072309330516
2014-08-11,,,,1.1959540098680976,-0.1485124531483369
2014-08-12,,,,1.2310394394647235,-0.08381696318889457
2014-08-13,,,,1.251976692782599,-0.1619183691184198
2014-08-14,,,,1.3183777037713174,-0.3519580049741404
2014-08-15,,,,1.3052717117457637,-0.3874969958329785
2014-08-18,,,,1.3653410399752666,-0.5676177896931065
2014-08-19,,,,1.3180530018422822,-0.431736581564809
2014-08-20,,,,1.241463220238544,-0.22148960874102272
2014-08-21,,,,1.2200875247198573,-0.2905564882287839
2014-08-22,,,,1.2155195967581613,-0.23510376342867056
2014-08-25,,,,1.2313108710815368,-0.2569622932033146
2014-08-26,,,,1.1933991670449284,-0.2335529006605097
2014-08-27,,,,1.1717478912643284,-0.27186404345882936
2014-08-28,,,,1.1522533538460211,-0.2631237516796148
2014-08-29,,,,1.1365885413141974,-0.2851069906701878
2014-09-01,,,,1.1936721013431295,-0.42300127637726415
2014-09-02,,,,1.1679284157956265,-0.40508778691865227
2014-09-03,,,,1.1615011968551565,-0.372477600763028
2014-09-04,,,,1.125695034717845,-0.27897733191594554
2014-09-05,,,,1.1458778445501294,-0.3321045110292716
2014-09-08,,,,1.1703464683955942,-0.3495452643782861
2014-09-09,,,,1.157209636485118,-0.23378365892357034
2014-09-10,,,,1.1481537984967443,-0.19299685604309477
2014-09-11,,,,1.146181574613583,-0.130483860886037
2014-09-12,,,,1.1354363623080166,-0.03355487564021023
2014-09-15,,,,1.1245965579243835,-0.003264445865136203
2014-09-16,,,,1.1280079555361502,0.049010173733715176
2014-09-17,,,,1.0713455372814216,-0.04209427619812958
2014-09-18,,,,1.077286704046868,-0.36752325121083385
2014-09-19,,,,1.1527108119590845,-0.49344866391355346
2014-09-22,,,,1.110955295197049,-0.4090702777085976
2014-09-23,,,,0.9957412009946972,-0.06105828894796706
2014-09-24,,,,1.0105945697236696,-0.2671735099469036
2014-09-25,,,,1.026143585413746,-0.3546146291472895
2014-09-26,,,,1.0226036345420908,-0.4110570695465829
2014-09-29,,,,1.0913112053911413,-0.6787640204514629
2014-09-30,,,,1.0544341478025179,-0.39359645022512174
2014-10-01,,,,1.0598822114020727,-0.3732774723149433
2014-10-02,,,,1.0783087166433034,-0.38105404432037987
2014-10-03,,,,1.115918776210145,-0.43345853323940875
2014-10-06,,,,1.1969165447196084,-0.7615472578721176
2014-10-07,,,,1.161531297348855,-0.6800998786828839
2014-10-08,,,,1.0993503145410464,-0.6247492851845288
2014-10-09,,,,1.0549609269165263,-0.4884719838508005
2014-10-10,,,,1.0640357003724565,-0.4508616358647791
2014-10-13,,,,0.9902183756392626,-0.1118315222940461
2014-10-14,,,,0.9536780690779217,-0.018144470765066475
2014-10-15,,,,0.963710444645842,0.0011018981713661138
2014-10-16,,,,0.9875962376858212,-0.05803771200858406
2014-10-17,,,,0.9706675743407404,0.10612740961981028
2014-10-20,,,,0.9729654692631367,0.3033184456518857
2014-10-21,,,,0.9595372949981072,0.3627773412125506
2014-10-22,,,,0.9654601097773335,0.18095312724001306
2014-10-23,,,,1.0276232796005347,0.059334454782278494
2014-10-24,,,,1.0234813531899085,0.16932755528856272
2014-10-27,,,,1.0386358516029153,0.29680983788790827
2014-10-28,,,,1.0038252823123608,0.5796320723955211
2014-10-29,,,,1.0488061600665881,0.26388115619954017
2014-10-30,,,,1.0111693447767247,0.43244616917709167
2014-10-31,,,,1.0246981042330023,0.4615936110252705
2014-11-03,,,,1.0611736695984308,0.4351603050132983
2014-11-04,,,,1.0401021152718126,0.6998642493701147
2014-11-05,,,,0.99416247082789,0.8141474400330533
2014-11-06,,,,0.954395214678495,0.8787259262216743
2014-11-07,,,,0.9734232682688131,0.7202247369404184
2014-11-10,,,,0.9080077052385386,1.0873815828500166
2014-11-11,,,,0.9054189761123504,1.0082253140866917
2014-11-12,,,,0.7633170947837684,1.5018542230514205
2014-11-13,,,,0.7711759194591721,1.5903550661084245
2014-11-14,,,,0.8275609668331273,1.370340622359
2014-11-17,,,,0.8601016059722442,1.2090364241652312
2014-11-18,,,,0.8965263494268847,0.9887349871298333
2014-11-19,,,,0.8842896107286632,1.0490641709482447
2014-11-20,,,,0.9458080412760093,0.8310281354578019
2014-11-21,,,,0.9624291854085963,0.9175675386688023
2014-11-24,,,,0.8922750777865676,1.1919522109101361
2014-11-25,,,,0.8967740958665666,1.1895318756601347
2014-11-26,,,,0.9147923731402815,1.0590942723035575
2014-11-27,,,,0.9024178100083478,1.3724111316634748
2014-11-28,,,,0.8729911562345708,1.3663715565145536
2014-12-01,,,,0.8666825094689136,1.4842725826810557
2014-12-02,,,,0.8595282517183914,1.5800130028186261
2014-12-03,,,,0.8726622039219434,1.4799039363525668
2014-12-04,,,,0.8800319127560449,1.3939173987538507
2014-12-05,,,,0.8542662501789611,1.4649517586354182
2014-12-08,,,,0.8991767770010027,1.3148443671205308
2014-12-09,,,,0.92319702749549,1.0091716237298496
2014-12-10,,,,0.9316534417831925,0.9101030421336188
2014-12-11,,,,0.912183380680571,0.5728704469878642
2014-12-12,,,,0.9020594927547144,0.6562019714955296
2014-12-15,,,,0.9200702472603703,0.7399601482865102
2014-12-16,,,,0.9679962866220835,0.6471788423637416
2014-12-17,,,,0.9815785305773597,0.7208731666762289
2014-12-18,,,,0.9971737487199694,0.5531605325640468
2014-12-19,,,,0.9748616362522008,0.7224261090275114
2014-12-22,,,,0.936510818619791,1.0050889086383994
2014-12-23,,,,0.9258917719843293,0.8146570633511708
2014-12-24,,,,0.9569291166248732,0.669268624690335
2014-12-25,,,,0.9583152621666358,0.7450201933523365
2014-12-26,,,,0.9215707632165094,0.8397406590305677
2014-12-29,,,,0.9638617896467043,0.5836021044733616
2014-12-30,,,,0.9619756098430269,0.5665616872027684
2014-12-31,,,,0.9286335402705485,0.7455393659324709
2015-01-01,,,,0.9415545291855542,0.8100795716447976
2015-01-02,,,,0.9290241310990277,0.8499293006420722
2015-01-05,,,,1.053986124536718,0.037823882446067096
2015-01-06,,,,0.9983286074069878,0.3629552470528155
2015-01-07,,,,0.948535344115289,0.6039288127094973
2015-01-08,,,,0.9614623277142746,0.3871655725150607
2015-01-09,,,,0.9242176701280219,0.4430675949958769
2015-01-12,,,,0.9855385472608607,0.044193431918631586
2015-01-13,,,,1.1126210773347576,-0.6753782209246603
2015-01-14,,,,1.300399932029039,-1.6595275576228055
2015-01-15,,,,1.1086321410131044,-0.7530013398294738
2015-01-16,,,,1.0750485938333356,-0.6820038971980305
2015-01-19,,,,1.0158107998110106,-0.5533721633675863
2015-01-20,,,,1.0025057567199067,-0.6446506110604528
2015-01-21,,,,0.9009095430940007,-0.30878872239025834
2015-01-22,,,,0.8334539747901608,-0.005580959391850597
2015-01-23,,,,0.8127595619101717,-0.0010735439937306795
2015-01-26,,,,0.6718754299212192,0.7951674032776661
2015-01-27,,,,0.683500682431995,0.7319742967248158
2015-01-28,,,,0.7690275131611927,0.18420876630713215
2015-01-29,,,,0.7644084253560819,0.1330322456211496
2015-01-30,,,,0.7837968446834623,0.012356846814488327
2015-02-02,,,,0.7215134206966203,0.22800154884628546
2015-02-03,,,,0.7153132526834283,0.37750886651706245
2015-02-04,,,,0.6875410637150423,0.27137744378354284
2015-02-05,,,,0.70030390790024,-0.13734084471367483
2015-02-06,,,,0.66982961908282,0.15471114827241741
2015-02-09,,,,0.6722487420350335,-0.20135198748522243
2015-02-10,,,,0.664053127185375,0.10774225328977394
2015-02-11,,,,0.6624000580289007,0.6871330991228711
2015-02-12,,,,0.6503335695726106,1.518271419437576
2015-02-13,,,,0.5983948553643272,1.3461755881678814
2015-02-16,,,,0.599039690774144,1.2975119803034652
2015-02-17,,,,0.5557022201025785,1.5519228285570008
2015-02-18,,,,0.5671369944256855,1.442392018696092
2015-02-19,,,,0.5442751191914982,1.1542145819768068
2015-02-20,,,,0.5208859902280565,1.144384568341111
2015-02-23,,,,0.530588733613264,1.0438537272510053
2015-02-24,,,,0.5286346890030453,0.530713422331449
2015-02-25,,,,0.5305516743841857,0.5859274339703604
2015-02-26,,,,0.5307103098302552,0.9560019270477926
2015-02-27,,,,0.4730027427418067,1.3708995315669672
2015-03-02,,,,0.4108434568760496,2.0436477038060104
2015-03-03,,,,0.3894092449561067,2.0473502152667535
2015-03-04,,,,0.4103267328064711,1.9638526438774635
2015-03-05,,,,0.3982778685570156,2.122603417904694
2015-03-06,,,,0.4017768633570518,2.2464658738712098
2015-03-09,,,,0.3553903324073391,2.6023507748704904
2015-03-10,,,,0.34233221640049405,2.6480033165505725
2015-03-11,,,,0.31595791342933305,2.739193689785223
2015-03-12,,,,0.28781719867221434,2.7680751721626145
2015-03-13,,,,0.27930288141949344,2.7138401592723724
2015-03-16,,,,0.2550628104170499,2.7338113555969965
2015-03-17,,,,0.26259198641617437,2.6787148423589873
2015-03-18,,,,0.33978576742555716,1.6973374177167047
2015-03-19,,,,0.3146921445196142,1.7953079705459873
2015-03-20,,,,0.29655311430689096,1.7490016519646325
2015-03-23,,,,0.27664257034877165,1.9358064772076573
2015-03-24,,,,0.33720694245974736,1.5061478217641295
2015-03-25,,,,0.32959871032799803,1.4150539522594883
2015-03-26,,,,0.3155881442331016,1.6416688943533848
2015-03-27,,,,0.31401068014996614,1.6390502234539868
2015-03-30,,,,0.3108445803705188,1.3330022739955218
2015-03-31,,,,0.31896640418128885,1.0646968725190262
2015-04-01,,,,0.30737468687142194,1.057686424686541
2015-04-02,,,,0.28540347262204985,1.733971323741434
2015-04-03,,,,0.2776456470890581,1.5630214315249786
2015-04-06,,,,0.2767044378585134,1.5410263370782216
2015-04-07,,,,0.27949244120289507,1.318407161439673
2015-04-08,,,,0.2958291213217855,0.9410661862405907
2015-04-09,,,,0.2947643109756261,1.1167478318621682
2015-04-10,,,,0.3123867202620184,1.4825520991013228
2015-04-13,,,,0.3453294607449034,1.9923449111764318
2015-04-14,,,,0.35827254604476055,1.1800117810222674
2015-04-15,,,,0.3380520241010283,1.4205015241192227
2015-04-16,,,,0.317324775314654,1.8643250322695328
2015-04-17,,,,0.3311753755548099,1.7087313009991996
2015-04-20,,,,0.32688228163235294,1.5161594414579216
2015-04-21,,,,0.29058559438365816,1.7218341186600021
2015-04-22,,,,0.292514181195422,1.9666450514218246
2015-04-23,,,,0.28448521103546637,1.5368924480258754
2015-04-24,,,,0.2995849734400687,1.4409699212413447
2015-04-27,,,,0.30772186930875955,1.810031439331805
2015-04-28,,,,0.3156978492071234,1.704203937373721
2015-04-29,,,,0.31186575615396317,1.832152810187922
2015-04-30,,,,0.2767399314188015,1.9226505992051166
2015-05-01,,,,0.28784058441265303,1.8262726527610835
2015-05-04,,,,0.2665664488803722,2.0429348799538474
2015-05-05,,,,0.26971626156774015,1.9966860542387497
2015-05-06,,,,0.2848283475711959,1.7119691014058616
2015-05-07,,,,0.25960652257921407,1.99377247600941
2015-05-08,,,,0.23848271860886933,2.2372282715838034
2015-05-11,,,,0.24541932774528663,2.3477912959902505
2015-05-12,,,,0.2460235952445601,2.4544126872803775
2015-05-13,,,,0.2562322698111387,2.1874303029846676
2015-05-14,,,,0.24626684650493288,2.1218137646039743
2015-05-15,,,,0.23663326040130483,1.9625126907500292
2015-05-18,,,,0.2517339028805869,2.0108531341426183
2015-05-19,,,,0.2518559945714278,1.7936945087640306
2015-05-20,,,,0.2388864013073261,1.6149274152072568
2015-05-21,,,,0.22811510933288504,1.7416965577236725
2015-05-22,,,,0.20701500426421057,1.8401693746872885
2015-05-25,,,,0.21664538729263388,1.8033663911539681
2015-05-26,,,,0.21354563451876968,1.82463481605023
2015-05-27,,,,0.20688192101895628,1.649001715874451
2015-05-28,,,,0.20046007874325691,1.4236865917733756
2015-05-29,,,,0.1993584688529381,1.1572860335289405
2015-06-01,,,,0.24415343390698838,0.7784028366546487
2015-06-02,,,,0.23029819811304514,0.7710960136856476
2015-06-03,,,,0.22649043717679912,0.8758825424737535
2015-06-04,,,,0.22810622589661858,0.7586347211265252
2015-06-05,,,,0.22333622700931538,0.6192736051295902
2015-06-08,,,,0.21127148756469863,0.584930738069618
2015-06-09,,,,0.19173203679855388,0.6723698707322678
2015-06-10,,,,0.17550093552827567,0.8146369783722726
2015-06-11,,,,0.16443857970179324,0.8791681779492985
2015-06-12,,,,0.15638673715090873,0.9525579193728825
2015-06-15,,,,0.1341750109205792,1.4490112458825593
2015-06-16,,,,0.08840574688342678,1.8231925391062465
2015-06-17,,,,0.08859562494342108,1.7483156883983666
2015-06-18,,,,0.08273406060912412,1.6789156672240673
2015-06-19,,,,0.08747024873552911,1.725442917610644
2015-06-22,,,,0.07629147883202868,1.6460575170841791
2015-06-23,,,,0.07975154240939046,1.6262306790893735
2015-06-24,,,,0.08805570490970567,1.5136242638395347
2015-06-25,,,,0.07851143971295702,1.5163516957684593
2015-06-26,,,,0.07520670505922612,1.5848796990413598
2015-06-29,,,,0.03835905934477239,1.90608995211826
2015-06-30,,,,0.018579231019399473,2.326346798437807
2015-07-01,,,,0.02541721978783193,2.0703101776997115
2015-07-02,,,,0.028801243019472084,1.9094877456689523
2015-07-03,,,,0.02268835440583528,2.003186555880936
2015-07-06,,,,-0.00761850812632015,2.307423933459777
2015-07-07,,,,-0.001200130261020357,2.2201836806577204
2015-07-08,,,,-0.013432720145138712,2.553299619520818
2015-07-09,,,,-0.009464442932041187,2.8568534878506715
2015-07-10,,,,-0.049747876056642965,3.007303339094933
2015-07-13,,,,-0.06373131432240654,3.0434460023965126
2015-07-14,,,,-0.05275968292923166,2.7186833310014267
2015-07-15,,,,-0.04866908066046031,2.531426673871296
2015-07-16,,,,-0.028690211749141208,2.2519597438865926
2015-07-17,,,,-0.031804384062736356,2.1229328462192973
2015-07-20,,,,-0.02540698385235976,2.143683896655412
2015-07-21,,,,-0.015778251195336015,1.8339415081634582
2015-07-22,,,,-0.01897031934642875,1.9255390722366732
2015-07-23,,,,-0.015508473709902394,2.03903701839466
2015-07-24,,,,-0.04643753175835865,2.209173386877507
2015-07-27,,,,-0.055828693201304326,2.260951969096519
2015-07-28,,,,-0.05725994273580878,1.9538191067496258
2015-07-29,,,,-0.0441854448026017,1.847588645584221
2015-07-30,,,,-0.03931962326861748,1.7875650098688578
2015-07-31,,,,-0.031502645984828034,1.8020014788703442
2015-08-03,,,,-0.018732871045839865,1.7306615347417105
2015-08-04,,,,-0.02964652152300485,1.5980979419729828
2015-08-05,,,,-0.021367595920668885,1.4819360455060822
2015-08-06,,,,-0.012255749685863326,1.3905390551016688
2015-08-07,,,,-0.015351208300530404,1.3916411348861657
2015-08-10,,,,0.030416947974418965,0.9336816460100098
2015-08-11,,,,0.008572993237031382,0.9386575802829903
2015-08-12,,,,0.01767853851118417,0.8508648977700436
2015-08-13,,,,0.021898301601737197,0.8727380164270321
2015-08-14,,,,0.014834464546952038,0.9405698006014395
2015-08-17,,,,0.04193101553072299,0.7637140525864952
2015-08-18,,,,0.21857838512028252,-0.09489978711480052
2015-08-19,,,,0.14820482854643505,0.20573363671288164
2015-08-20,,,,0.11282600278722807,0.37803035563357434
2015-08-21,,,,0.12876215084065118,0.3347349467119112
2015-08-24,,,,0.25597704010037675,-0.25631417965718023
2015-08-25,,,,0.21115004360037018,-0.13862724960828038
2015-08-26,,,,0.1859309033622166,-0.07547199980078549
2015-08-27,,,,0.18682052007896405,0.0518739984647697
2015-08-28,,,,0.14845254574606856,0.1635826372178297
2015-08-31,,,,0.16745764301268018,0.16763512619378224
2015-09-01,,,,0.18248769685599914,0.10038384641497704
2015-09-02,,,,0.17565885007282508,0.07190915466199804
2015-09-03,,,,0.17941965633989745,0.021507313836925064
2015-09-04,,,,0.1477095367842009,0.10127292902985693
2015-09-07,,,,0.0929641174937818,0.2941516819233115
2015-09-08,,,,0.06686322702945957,0.45886628061308643
2015-09-09,,,,0.09482976824957484,0.3240224500981887
2015-09-10,,,,0.08645209064133243,0.41148805157901447
2015-09-11,,,,0.06907932684669793,0.3537487387440374
2015-09-14,,,,0.13041231277915447,0.1578157032776053
2015-09-15,,,,0.13087622440965715,0.1845702834624509
2015-09-16,,,,0.13383205153547192,0.6809553532554284
2015-09-17,,,,0.12402964724805528,0.513087498780051
2015-09-18,,,,0.09692112957166947,0.4893977828182337
2015-09-21,,,,0.13566085072635645,0.4129899559914489
2015-09-22,,,,0.10973217437745984,0.6758919645356227
2015-09-23,,,,0.1098463718326635,0.5541158083558027
2015-09-24,,,,0.07779846689061802,0.4906262759031128
2015-09-25,,,,0.06680980554307354,0.445535064717276
2015-09-28,,,,0.04347154416496364,0.4821509849115929
2015-09-29,,,,0.05671594787751011,0.4619576719774523
2015-09-30,,,,0.05211551518575272,0.4531105393737269
2015-10-01,,,,0.032489948520145154,0.3944928191588894
2015-10-02,,,,0.021320612093912075,0.41425326080041497
2015-10-05,,,,-0.0017143996653771916,0.43741609916622093
2015-10-06,,,,-0.040317221947046976,0.5030388084774181
2015-10-07,,,,-0.022527962725466748,0.31953189150468214
2015-10-08,,,,-0.020125294652388995,0.28379995057528873
2015-10-09,,,,-0.03471484036667342,0.315345559277757
2015-10-12,,,,-0.040929672144839425,0.35400023955274634
2015-10-13,,,,-0.07279140457277879,0.5571904541119853
2015-10-14,,,,-0.09405425479543503,0.532884002686548
2015-10-15,,,,-0.11356725845471474,0.5727025234801202
2015-10-16,,,,-0.17209619818698063,0.730203882037317
2015-10-19,,,,-0.17115803575468166,0.7066549676028634
2015-10-20,,,,-0.20914515498802783,0.8563000544666449
2015-10-21,,,,-0.1919060450272027,0.6732163534894975
2015-10-22,,,,-0.23848134818272254,0.749845499545921
2015-10-23,,,,-0.2557899830807733,0.6742270216896568
2015-10-26,,,,-0.304666222967342,0.8334517228414036
2015-10-27,,,,-0.35975393728099453,0.8838640404984857
2015-10-28,,,,-0.42942323246753544,1.0730604573033355
2015-10-29,,,,-0.4887504427985161,1.2241739080998284
2015-10-30,,,,-0.5744445177106539,1.327781093788428
2015-11-02,,,,-0.742533745745827,1.7367129714568108
2015-11-03,,,,-0.944890805959944,2.2160557598102164
2015-11-04,,,,-0.9802317369085022,2.2353533994908283
2015-11-05,,,,-0.8637354005498099,2.0537076896086393
2015-11-06,,,,-0.8053846451660474,1.8450030216638553
2015-11-09,,,,-0.8228268908480842,1.8790882683189527
2015-11-10,,,,-0.6044863577049049,1.3336541024901336
2015-11-11,,,,-0.45653166902210074,0.9417172721582278
2015-11-12,,,,-0.6157596366740177,1.2896785656843504
2015-11-13,,,,-0.6151845080164684,1.5501669888621785
2015-11-16,,,,-0.5719853676284669,1.255721199585655
2015-11-17,,,,-0.5986073044655279,1.217341385312414
2015-11-18,,,,-0.6039913137613369,1.1700266268332857
2015-11-19,,,,-0.5605690803187534,1.2263589741043106
2015-11-20,,,,-0.5373990924438913,1.039944631435908
2015-11-23,,,,-0.5417595112989626,0.9895336935094211
2015-11-24,,,,-0.531701532762998,0.9310922864171388
2015-11-25,,,,-0.5874508064377848,0.8777925594113685
2015-11-26,,,,-0.7370731169765721,1.049706250679265
2015-11-27,,,,-0.7676182760331842,1.0447325121657873
2015-11-30,,,,-0.865203146371291,1.1307334800813984
2015-12-01,,,,-0.7803631527930975,0.7901646504251677
2015-12-02,,,,-0.7603686390961522,0.529727686785797
2015-12-03,,,,-0.7703056319264299,0.4501093358660909
2015-12-04,,,,-0.7826633491261497,0.5329763993575436
2015-12-07,,,,-0.9512383759141223,0.8875952085928434
2015-12-08,,,,-1.0581619058846867,0.9952979055616462
2015-12-09,,,,-1.0718061173165359,1.1327277486842386
2015-12-10,,,,-1.0599292436401357,1.255345936651086
2015-12-11,,,,-1.2335385555107168,1.392575552202443
2015-12-14,,,,-1.1883566322930468,1.3329080909711941
2015-12-15,,,,-1.2865916988001984,1.4714105704067002
2015-12-16,,,,-1.236866280031341,1.3491991647619666
2015-12-17,,,,-1.2401272394253333,1.3773037604345737
2015-12-18,,,,-1.2729469312602533,1.4189164692407525
2015-12-21,,,,-1.1446283839181748,1.2330032910417315
2015-12-22,,,,-1.132736091845656,1.1331605975725851
2015-12-23,,,,-1.1467803375081618,1.1503822265323136
2015-12-24,,,,-1.2038676473724392,1.1699823387886885
2015-12-25,,,,-1.2062116287915943,1.0657171514059807
2015-12-28,,,,-1.032179530605996,0.7883872012220171
2015-12-29,,,,-1.0840309076136292,0.7318478029558108
2015-12-30,,,,-1.0388000557397568,0.726663146667647
2015-12-31,,,,-1.05612498387086,0.7247649666997215
2016-01-01,,,,-1.0746110199970824,0.7132710145717631
2016-01-04,,,,-1.055878351290418,0.672476297924162
2016-01-05,,,,-1.0439401049025234,0.5385070143454249
2016-01-06,,,,-1.0240353105425974,0.45376468669570724
2016-01-07,,,,-1.1582649636061833,0.6224688615758954
2016-01-08,,,,-1.1322386927767998,0.5721423108663128
2016-01-11,,,,-1.0982901469048754,0.3905441523872899
2016-01-12,,,,-1.0352698302123757,0.29810787279609224
2016-01-13,,,,-1.0160907304621478,0.17313460873911227
2016-01-14,,,,-1.0042884848032312,0.168789282976413
2016-01-15,,,,-0.6452774687596541,-0.33783117005835445
2016-01-18,,,,-0.7593570480434714,-0.20265244851229594
2016-01-19,,,,-0.7138782243768984,-0.22356872514500972
2016-01-20,,,,-0.9214509781471454,0.05441631469530381
2016-01-21,,,,-0.8682315816516691,-0.057612779558258394
2016-01-22,,,,-0.7127580770024774,-0.3208586777056448
2016-01-25,,,,-0.7445422508939428,-0.2832784788895318
2016-01-26,,,,-0.7405393790717446,-0.19950294134372362
2016-01-27,,,,-0.7511880670228291,-0.262659814515298
2016-01-28,,,,-0.658229965506719,-0.4310122165384516
2016-01-29,,,,-0.6429666601295848,-0.5438887959303524
2016-02-01,,,,-0.5840242105414879,-0.6237428520120281
2016-02-02,,,,-0.5839643138779381,-0.5150962945567188
2016-02-03,,,,-0.5604126150283594,-0.5306668399762388
2016-02-04,,,,-0.6739784357997547,-0.3821974152109317
2016-02-05,,,,-0.6576337846451462,-0.37570074577370405
2016-02-08,,,,-0.5725832307742966,-0.39362359866531144
2016-02-09,,,,-0.5852293828705214,-0.42594890455946527
2016-02-10,,,,-0.6189754154018638,-0.22147187407956806
2016-02-11,,,,-0.6075741158446945,-0.2561377273317564
2016-02-12,,,,-0.6336450650538912,-0.25607390715564315
2016-02-15,,,,-0.7150753482230723,0.07485368021124099
2016-02-16,,,,-0.7551930887911082,0.1254969467132493
2016-02-17,,,,-0.8045565648118266,0.17767573713315007
2016-02-18,,,,-0.8367682577825291,0.04481889417164726
2016-02-19,,,,-0.8187722356548192,0.04820864622609175
2016-02-22,,,,-0.883041849599905,0.20572486932017273
2016-02-23,,,,-0.7789178498249356,-0.015942185237638334
2016-02-24,,,,-0.8007903570343187,-0.002368718851391299
2016-02-25,,,,-0.796773392105921,-0.07710398173097853
2016-02-26,,,,-0.8361113663680921,0.0756013336000906
2016-02-29,,,,-0.8533774996135405,0.11282971700024087
2016-03-01,,,,-0.8381181594360195,0.08321728321817055
2016-03-02,,,,-0.7771612259110204,-0.018463361304359112
2016-03-03,,,,-0.7630801718680476,-0.0874145547484934
2016-03-04,,,,-0.6963857066326725,-0.3101843381722196
2016-03-07,,,,-0.6997868481733274,-0.2837893923830354
2016-03-08,,,,-0.6873659014315759,-0.20739665515414468
2016-03-09,,,,-0.682537537446809,-0.3048672829820537
2016-03-10,,,,-0.6847320707469617,-0.30050018467000034
2016-03-11,,,,-0.7029757124510202,-0.32001335244353496
2016-03-14,,,,-0.6647782654672537,-0.3769969722845276
2016-03-15,,,,-0.6667730939610228,-0.4385866782141932
2016-03-16,,,,-0.6640396057864592,-0.49616302460709266
2016-03-17,,,,-0.6783778079055148,-0.4461049461953584
2016-03-18,,,,-0.6142519450804446,-0.5699533766933356
2016-03-21,,,,-0.6241947106576154,-0.5568887497250999
2016-03-22,,,,-0.6501285913705628,-0.6312833454501571
2016-03-23,,,,-0.6479727623794322,-0.5671716411410278
2016-03-24,,,,-0.6397292034385608,-0.5209856537146151
2016-03-25,,,,-0.6439375078215144,-0.5476392237882327
2016-03-28,,,,-0.6701938357331281,-0.5058736416231883
2016-03-29,,,,-0.6209335767383918,-0.6175826164926645
2016-03-30,,,,-0.6050876005888218,-0.6516067682638096
2016-03-31,,,,-0.6190532443130139,-0.5852878039916011
2016-04-01,,,,-0.6298940440365443,-0.5676413578567425
2016-04-04,,,,-0.6364486780814433,-0.48888204481431907
2016-04-05,,,,-0.6406363293759019,-0.5612752666866133
2016-04-06,,,,-0.6241714074996126,-0.573305060580954
2016-04-07,,,,-0.6162152627506555,-0.5836123055379544
2016-04-08,,,,-0.5948461639058273,-0.5974514089334493
2016-04-11,,,,-0.5883942666883675,-0.6221584771930275
2016-04-12,,,,-0.6015474677005735,-0.5773568222983306
2016-04-13,,,,-0.5877985960336113,-0.41731161946972334
2016-04-14,,,,-0.5823530518635985,-0.489835182244988
2016-04-15,,,,-0.611457797034342,-0.4707035157583175
2016-04-18,,,,-0.5847013665743427,-0.5756713272520847
2016-04-19,,,,-0.6168045507622758,-0.5335612558025062
2016-04-20,,,,-0.612602562302277,-0.4368728174170957
2016-04-21,,,,-0.616619385493387,-0.4233927066780632
2016-04-22,,,,-0.568059834246255,-0.48426937666699227
2016-04-25,,,,-0.6192053799527172,-0.39143855623354024
2016-04-26,,,,-0.6347462066037082,-0.405425509884574
2016-04-27,,,,-0.5026614090637489,-0.6403220550998984
2016-04-28,,,,-0.5088820645744655,-0.5760493390482129
2016-04-29,,,,-0.5287695335697723,-0.5063398463855858
2016-05-02,,,,-0.43563002386951305,-0.5945637637028206
2016-05-03,,,,-0.43835223170659693,-0.6536235549137854
2016-05-04,,,,-0.3998595653300088,-0.6110883262225193
2016-05-05,,,,-0.4072222283638904,-0.5022803061331296
2016-05-06,,,,-0.4745376529709446,-0.47080190197001137
2016-05-09,,,,-0.4579462924617202,-0.47585518024418205
2016-05-10,,,,-0.39342115565832725,-0.5726681598762352
2016-05-11,,,,-0.39771378164213134,-0.6022075105815846
2016-05-12,,,,-0.3986899505962402,-0.6450567270645892
2016-05-13,,,,-0.3977825709477868,-0.6540717387320024
2016-05-16,,,,-0.3681852684747855,-0.7322334385251058
2016-05-17,,,,-0.35414725037513395,-0.7590070089554009
2016-05-18,,,,-0.35328344337588735,-0.7757367266205302
2016-05-19,,,,-0.22966534437851624,-1.0738774487848246
2016-05-20,,,,-0.2415524160605719,-1.059791971245854
2016-05-23,,,,-0.23572535266014993,-1.0475692402328673
2016-05-24,,,,-0.2395587354696662,-1.144782213565579
2016-05-25,,,,-0.2560327236960522,-1.1228793052536918
2016-05-26,,,,-0.2823088350995966,-0.972738108611739
2016-05-27,,,,-0.4168278322374566,-0.7739322453162149
2016-05-30,,,,-0.7689372602703668,-0.1979868842291187
2016-05-31,,,,-0.7487169641599553,-0.22606724491773933
2016-06-01,,,,-0.7863025157116946,-0.20851864402070328
2016-06-02,,,,-0.7985246634715183,-0.18956996689858926
2016-06-03,,,,-0.9672408518396058,0.08151055815994546
2016-06-06,,,,-1.0323365303290262,0.07363214744894854
2016-06-07,,,,-0.9732399146877351,-0.0035281540376779124
2016-06-08,,,,-0.9825620533398767,0.02030552428579887
2016-06-09,,,,-0.9232815725532196,-0.021636007243037218
2016-06-10,,,,-0.9160512870725185,-0.021319755250683182
2016-06-13,,,,-1.4717347098447677,0.8976418565479117
2016-06-14,,,,-1.367416541729607,0.7888285283553439
2016-06-15,,,,-1.3877518848973696,0.8988697618205667
2016-06-16,,,,-1.6504930197434124,1.331775041885891
2016-06-17,,,,-1.5639337305521452,1.2543631062661402
2016-06-20,,,,-1.4948518558276729,1.1551990621905222
2016-06-21,,,,-1.176700094199407,0.7322394146041027
2016-06-22,,,,-0.8569823012760474,0.16811006450521962
2016-06-23,,,,-0.9654092633428311,0.3406947131779901
2016-06-24,,,,-1.1294191089551608,0.6509659057134798
2016-06-27,,,,-1.0629453727840878,0.4877566675892255
2016-06-28,,,,-1.0130142846506343,0.14579717000638462
2016-06-29,,,,-0.9694829433090937,0.09886292565756037
2016-06-30,,,,-1.1052210602114336,0.3171891398217599
2016-07-01,,,,-1.1078463711489728,0.27094124981929796
2016-07-04,,,,-1.1131599453302128,0.20672149440436763
2016-07-05,,,,-1.042964135396104,0.05763095988453099
2016-07-06,,,,-1.057294280454067,0.1843076129385091
2016-07-07,,,,-0.8936425790451237,-0.1188111115961649
2016-07-08,,,,-0.9967276608653429,0.11809298320648015
2016-07-11,,,,-0.8968569569585646,0.11183094505139325
2016-07-12,,,,-0.9587110784224828,-0.319447314279458
2016-07-13,,,,-0.9075648727657786,-0.3231712967150083
2016-07-14,,,,-0.9119267857432362,-0.39837113783410194
2016-07-15,,,,-0.9224549067667599,-0.6260917036417184
2016-07-18,,,,-0.9424247383284766,-0.43816464705132757
2016-07-19,,,,-0.936258962307379,-0.45975225310171486
2016-07-20,,,,-0.8980218099821966,-0.22362773065500638
2016-07-21,,,,-0.884433308916019,0.012527896267656735
2016-07-22,,,,-0.8176656941067216,-0.2322641790922175
2016-07-25,,,,-0.8135793011996545,-0.29110627607397016
2016-07-26,,,,-0.7981429611871551,-0.2680407638032641
2016-07-27,,,,-0.8044820173467765,-0.23898518730543972
2016-07-28,,,,-0.7983791718448889,-0.14859523788222628
2016-07-29,,,,-0.7940805292222567,-0.37697329030704385
2016-08-01,,,,-0.5714958047980208,-0.8542992113677699
2016-08-02,,,,-0.3069664145306466,-1.4730516045165738
2016-08-03,,,,-0.39483710928235094,-1.2613786049099962
2016-08-04,,,,-0.43831116679440596,-1.1831816363815506
2016-08-05,,,,-0.41483313797244026,-0.9997299127379808
2016-08-08,,,,-0.47389333506357245,-0.9589346983535832
2016-08-09,,,,-0.45763840062896366,-0.958364830290062
2016-08-10,,,,-0.47726356514645313,-1.009900848701507
2016-08-11,,,,-0.4626043997070009,-1.0137651686744464
2016-08-12,,,,-0.449619879006048,-1.0574567182664851
2016-08-15,,,,-0.3418450123876154,-1.3044101328391104
2016-08-16,,,,-0.38279368974509287,-1.1744011825944003
2016-08-17,,,,-0.3587795246122728,-1.1764562256935287
2016-08-18,,,,-0.36143265035746197,-1.148172844730832
2016-08-19,,,,-0.36414345961423167,-1.1321140041562154
2016-08-22,,,,-0.3970325729022892,-0.9935483562146964
2016-08-23,,,,-0.3756359136228059,-1.0917989889065993
2016-08-24,,,,-0.35691100616104704,-1.1996922797378353
2016-08-25,,,,-0.3421848515476816,-1.4875490073200135
2016-08-26,,,,-0.3465977605869195,-1.4409014551721817
2016-08-29,,,,-0.30512468562581896,-1.4915986974263578
2016-08-30,,,,-0.3191106539559541,-1.2674310665084776
2016-08-31,,,,-0.3102989943543559,-1.1669559788297352
2016-09-01,,,,-0.2934318981721669,-1.3344413563348771
2016-09-02,,,,-0.3050666613312821,-1.3007390561615189
2016-09-05,,,,-0.43935790079083087,-0.9877223072443378
2016-09-06,,,,-0.46246182321313206,-0.9622510091633264
2016-09-07,,,,-0.47738743000604633,-0.9078233950478571
2016-09-08,,,,-0.5210298108058494,-1.259158585633391
2016-09-09,,,,-0.49904259119417466,-1.1928620722175136
2016-09-12,,,,-0.42231181892147485,-1.2974514113258735
2016-09-13,,,,-0.42572206382779615,-1.4057295675205466
2016-09-14,,,,-0.42968361122455156,-1.3650472158356395
2016-09-15,,,,-0.4118025835634574,-1.3236187585277983
2016-09-16,,,,-0.40948347196029533,-1.0881771574126
2016-09-19,,,,-0.40542961641920594,-0.8251525423551601
2016-09-20,,,,-0.39839465057418355,-0.9536622166603
2016-09-21,,,,-0.3446667069602047,-1.10256497854947
2016-09-22,,,,-0.3363016209082696,-1.0420910847353044
2016-09-23,,,,-0.36110371142659264,-0.9385622953278925
2016-09-26,,,,-0.36747451116904634,-0.8681364942408973
2016-09-27,,,,-0.3564504569428144,-0.943258235137087
2016-09-28,,,,-0.34739782976741823,-0.9685664249847475
2016-09-29,,,,-0.3450015985838384,-0.9608360444490934
2016-09-30,,,,-0.35302325883033847,-0.8707836086756132
2016-10-03,,,,-0.3450600763135852,-0.8553415591522524
2016-10-04,,,,-0.3332717939703388,-0.8899165888049333
2016-10-05,,,,-0.3343251536939294,-0.9312355502823821
2016-10-06,,,,-0.32345676349348407,-0.8848387118589337
2016-10-07,,,,-0.33531950020214085,-0.9204041552494944
2016-10-10,,,,-0.33079666136523905,-0.884562097171732
2016-10-11,,,,-0.42439966385769534,-0.6402420483935282
2016-10-12,,,,-0.4037951164387324,-0.7086461552082873
2016-10-13,,,,-0.40360318984392596,-0.7458642707937042
2016-10-14,,,,-0.4164107970005044,-0.7225048311216816
2016-10-17,,,,-0.39768778769221386,-0.699377313094701
2016-10-18,,,,-0.3916495343843082,-0.7743656613387947
2016-10-19,,,,-0.3578430231555053,-0.8116115770435455
2016-10-20,,,,-0.35696501042520673,-0.6745726314774232
2016-10-21,,,,-0.36958320882313966,-0.6429023527302637
2016-10-24,,,,-0.4503667975200046,-0.4972950632851973
2016-10-25,,,,-0.4627262149450397,-0.4433648125716959
2016-10-26,,,,-0.5480987671988375,-0.26472353030337814
2016-10-27,,,,-0.5894016477021388,-0.018786545201096874
2016-10-28,,,,-0.586463948813724,0.1302208098427557
2016-10-31,,,,-0.6159944146643637,0.10902044995729804
2016-11-01,,,,-0.7036873999830207,0.3315466146117778
2016-11-02,,,,-0.7197267978447407,0.5045641910428857
2016-11-03,,,,-0.5028520728652004,-0.0498942181771403
2016-11-04,,,,-0.5591314971962575,0.09656263452517584
2016-11-07,,,,-0.5333070119985973,0.05785135063272227
2016-11-08,,,,-0.5406198455275607,0.13464280835865924
2016-11-09,,,,-0.5859441056907688,0.17287009148667085
2016-11-10,,,,-0.5388644386900292,0.18329550688524643
2016-11-11,,,,-0.5222828945942203,0.25347646383344347
2016-11-14,,,,-0.4553561116742394,0.09891321610471013
2016-11-15,,,,-0.4743407412935156,0.17467016046411749
2016-11-16,,,,-0.5936666998864959,0.5515521355198996
2016-11-17,,,,-0.5766451193325521,0.5065820031349816
2016-11-18,,,,-0.6172780630543305,0.6223224655067915
2016-11-21,,,,-0.5547093800093962,0.35484477014846133
2016-11-22,,,,-0.6012107955435919,0.020075954231007356
2016-11-23,,,,-0.5672190101281174,-0.07056912699534065
2016-11-24,,,,-0.5416982661779566,-0.25620665654453934
2016-11-25,,,,-0.5366660074429532,-0.31529345812717496
2016-11-28,,,,-0.488073189213248,-0.5765585099426174
2016-11-29,,,,-0.4798088751668397,-0.7106869748160419
2016-11-30,,,,-0.5198812149515039,-0.6777400633956329
2016-12-01,,,,-0.5648700470834672,-0.7413671532991575
2016-12-02,,,,-0.6524698220172872,-0.14791877093097142
2016-12-05,,,,-0.5583224922857506,-0.49814257147019686
2016-12-06,,,,-0.5788063539074906,-1.1726945389443095
2016-12-07,,,,-0.5972626057991485,-1.0340722420075454
2016-12-08,,,,-0.6066876421417312,-1.0596162273054084
2016-12-09,,,,-0.6016461060105781,-1.3429078740931608
2016-12-12,,,,-0.6072247342971069,-1.1594722670177515
2016-12-13,,,,-0.5963884835909463,-0.9976580154784954
2016-12-14,,,,-0.5898636233130525,-0.6482730345984168
2016-12-15,,,,-0.5671775712421815,-0.48448812454291595
2016-12-16,,,,-0.5920184598406318,-0.530743938233797
2016-12-19,,,,-0.6063555233433595,-0.6660838875458909
2016-12-20,,,,-0.6279842639127293,-0.3868487941039243
2016-12-21,,,,-0.7563268803273124,0.02524480786996258
2016-12-22,,,,-0.874042510086338,0.49672987050669143
2016-12-23,,,,-1.0921043889404092,1.071422433975644
2016-12-26,,,,-1.0189783034046174,0.8706971407169395
2016-12-27,,,,-1.107470531594557,1.1693423013433188
2016-12-28,,,,-1.2529812673236016,1.7196809951004774
2016-12-29,,,,-1.2367144624646726,1.5736810982772138
2016-12-30,,,,-1.1831343091794284,1.5813204171459296
2017-01-02,,,,-1.3711646285317902,1.9665400870414005
2017-01-03,,,,-1.4380656170612152,2.40605950517224
2017-01-04,,,,-1.7840902194737132,3.348631113149015
2017-01-05,,,,-1.3228130731723142,1.9183540849397838
2017-01-06,,,,-0.912187740504559,0.5020226867287798
2017-01-09,,,,-0.8969784074037885,0.4847305640864558
2017-01-10,,,,-0.9084143180730105,0.4378496573768985
2017-01-11,,,,-0.358781919192633,-1.282205274377501
2017-01-12,,,,-0.4742338199599061,-0.8462150461841134
2017-01-13,,,,-0.5511969812038344,-0.5457288356924879
2017-01-16,,,,-0.5657251361762916,-0.36615403450311046
2017-01-17,,,,-0.8693472380903431,0.5354255336655553
2017-01-18,,,,-0.7768047528653621,0.19656605237219535
2017-01-19,,,,-0.8186629026152239,0.04162303079400475
2017-01-20,,,,-0.793804134656434,-0.20951673807209942
2017-01-23,,,,-0.8740791047990202,-0.2730313047285356
2017-01-24,,,,-0.7572528139854774,-0.2670281639309586
2017-01-25,,,,-0.7862951200365852,0.14146316164604994
2017-01-26,,,,-0.8404817641507247,-0.06291785724985355
2017-01-27,,,,-0.8340099569251794,-0.2272802594141751
2017-01-30,,,,-0.8058635718861705,-0.18025055801064718
2017-01-31,,,,-0.984504887926104,0.24490542001539728
2017-02-01,,,,-1.047639424619084,0.33359737303717063
2017-02-02,,,,-1.1159375254704382,0.09152237546849808
2017-02-03,,,,-1.166013778564359,0.9224236323695109
2017-02-06,,,,-1.1656835214567016,1.512194173802943
2017-02-07,,,,-1.2286010919566948,1.9150748508379798
2017-02-08,,,,-1.2197753849481274,1.811644734653822
2017-02-09,,,,-0.9670637909978925,1.8093676166104637
2017-02-10,,,,-0.9397635941684701,1.552889563940692
2017-02-13,,,,-0.9227141186517201,1.319219543640691
2017-02-14,,,,-0.9582248453800545,1.359158973981648
2017-02-15,,,,-0.9585646287893779,0.9829548033001533
2017-02-16,,,,-1.0184581939593573,1.359279354738594
2017-02-17,,,,-1.0564835959452241,1.4565644638253725
2017-02-20,,,,-1.1284796946992854,1.8168495723856353
2017-02-21,,,,-1.215426310557341,2.0662351242544217
2017-02-22,,,,-1.19542119036731,2.1524058740213188
2017-02-23,,,,-1.3338281627570794,2.564890268072191
2017-02-24,,,,-1.343328373356024,2.567227629637953
2017-02-27,,,,-1.3329182803346946,2.5253990946187175
2017-02-28,,,,-1.3110336895103782,2.271212008451011
2017-03-01,,,,-1.424578864596445,2.3028908162484387
2017-03-02,,,,-1.4965008962452817,2.4705937563413682
2017-03-03,,,,-1.5488063958583373,2.4700270137113227
2017-03-06,,,,-1.5024638365140564,2.361527453320735
2017-03-07,,,,-1.3408802251979681,2.000363918173712
2017-03-08,,,,-1.1071812551028517,1.28035076133325
2017-03-09,,,,-1.217648596410317,1.556829736637935
2017-03-10,,,,-0.978316464527795,1.196529396261552
2017-03-13,,,,-1.3149230890142853,2.1473215236125456
2017-03-14,,,,-1.33374544009599,2.1583298441220817
2017-03-15,,,,-1.3531050067463402,2.125951414016951
2017-03-16,,,,-1.1559501460975117,1.6621141149739633
2017-03-17,,,,-0.8641297866100991,0.8458692966917108
2017-03-20,,,,-0.6882315500377593,0.2459841729524371
2017-03-21,,,,-0.9051402971990931,0.5976651989522668
2017-03-22,,,,-0.6578475971856866,-0.27369287199299014
2017-03-23,,,,-0.616414840269205,-0.3269959028575622
2017-03-24,,,,-0.22706364299995024,-1.4890097141358685
2017-03-27,,,,-0.6127971931558094,-0.6061224575390417
2017-03-28,,,,-0.611686346179017,-0.6093070389445973
2017-03-29,,,,-0.5784649708917594,-0.6226446036206438
2017-03-30,,,,-0.5200665592899206,-0.9690788967965352
2017-03-31,,,,-0.6758750968216334,-0.6694273828122732
2017-04-03,,,,-0.9043776196871558,-0.36965276671779435
2017-04-04,,,,-0.8615003694880883,-0.17279357048714453
2017-04-05,,,,-0.8216697763310284,-0.004115374889371169
2017-04-06,,,,-1.0006557389684965,0.6427840710191856
2017-04-07,,,,-0.9701870351634213,0.4843905741631778
2017-04-10,,,,-0.9827430965523959,1.0212833487938195
2017-04-11,,,,-1.0290006759785775,0.7792528745662491
2017-04-12,,,,-0.9972811176882275,0.6828470694821142
2017-04-13,,,,-0.8837825834495863,0.46677443200722385
2017-04-14,,,,-0.8677939493366449,0.4149341839359193
2017-04-17,,,,-0.9276616604668423,0.8282675978038951
2017-04-18,,,,-0.9697724970439466,0.8986585232915061
2017-04-19,,,,-0.946655109473901,0.6819434702478385
2017-04-20,,,,-0.9836436658160885,0.7981112119644966
2017-04-21,,,,-0.9489089791676047,0.7747315190182608
2017-04-24,,,,-1.0103164244880503,1.171047009996576
2017-04-25,,,,-1.0432067212240077,0.8679788194063022
2017-04-26,,,,-1.065360389220551,0.7825855569659229
2017-04-27,,,,-1.1177224080166464,0.9270599422475669
2017-04-28,,,,-1.0720986506574424,1.040024565065595
2017-05-01,,,,-1.2990719145474046,1.3522740589089963
2017-05-02,,,,-1.3577934815587176,1.2814999388396853
2017-05-03,,,,-1.4186948713357415,1.3839465080147928
2017-05-04,,,,-1.4909502886692603,1.5182790539840607
2017-05-05,,,,-1.507415538777746,1.430724474145488
2017-05-08,,,,-1.808703411987449,2.098003770647404
2017-05-09,,,,-1.8433660161451124,2.323110803162295
2017-05-10,,,,-1.883937054323722,2.3481489553334582
2017-05-11,,,,-1.9737675908240637,2.4235863974728926
2017-05-12,,,,-1.731848639013501,1.9864049277971532
2017-05-15,,,,-1.7213782438318201,1.9639813365868133
2017-05-16,,,,-1.684662824920822,1.8519415666536494
2017-05-17,,,,-1.8372564447845616,2.0957518238591404
2017-05-18,,,,-1.8983058651424156,2.2179319989889277
2017-05-19,,,,-2.0359012964274923,2.4119126104775104
2017-05-22,,,,-2.264233561568103,2.8457103709458553
2017-05-23,,,,-2.4517701505506664,3.0638393600999505
2017-05-24,,,,-2.595777556827437,3.2946658958168946
2017-05-25,,,,-2.409821455514342,2.843586830142102
2017-05-26,,,,-2.2530772311319636,2.4396622052098516
2017-05-29,,,,-2.292303237876663,2.415572038706828
2017-05-30,,,,-2.1736217580330504,2.043195476229352
2017-05-31,,,,-2.3132532463362048,2.1950383013275916
2017-06-01,,,,-2.454628434073555,2.39909576817271
2017-06-02,,,,-2.539703752146719,2.5650518681449386
2017-06-05,,,,-2.745788254227403,3.036299868012867
2017-06-06,,,,-2.923102289576543,3.119384009533715
2017-06-07,,,,-2.7768834168268297,2.921603528207059
2017-06-08,,,,-2.847443998252761,2.884909418302175
2017-06-09,,,,-2.851182458757222,2.8079201436601395
2017-06-12,,,,-2.6470098139498814,2.5387886348500035
2017-06-13,,,,-2.6941592759209607,2.6339535473794005
2017-06-14,,,,-2.438614453433025,2.2804934604475844
2017-06-15,,,,-2.3769372462534455,2.0448127855215197
2017-06-16,,,,-2.427067554297771,1.9184693062489084
2017-06-19,,,,-2.484087288781388,1.9035613158526299
2017-06-20,,,,-2.6150522009101875,1.9780849177861954
2017-06-21,,,,-2.518052569281757,1.8603920543771506
2017-06-22,,,,-2.457113747541773,1.5500977426855544
2017-06-23,,,,-2.4681749801437856,1.6986080637354353
2017-06-26,,,,-2.139655739637685,1.3133958779594956
2017-06-27,,,,-2.209035114491761,1.314656338791154
2017-06-28,,,,-2.2156320182701927,1.3231183337008927
2017-06-29,,,,-2.144373911604433,0.9199839555581395
2017-06-30,,,,-2.055364468189378,0.921033717465722
2017-07-03,,,,-2.124650413299314,1.1761854234503888
2017-07-04,,,,-2.1516897634637733,1.0125325443866764
2017-07-05,,,,-2.1358355314738047,0.8923344385034438
2017-07-06,,,,-2.1212863383390146,1.1924052724195953
2017-07-07,,,,-2.006480271180117,0.9215811782884196
2017-07-10,,,,-1.8088292140791868,0.6107091500955035
2017-07-11,,,,-1.7505973237188037,0.6700627865679256
2017-07-12,,,,-1.815707903291211,0.6188154223985178
2017-07-13,,,,-1.7369078562979574,0.6642351157324204
2017-07-14,,,,-1.5435840505241103,0.39413445236678657
2017-07-17,,,,-1.509314969382411,0.34565314268053626
2017-07-18,,,,-1.613802762319789,0.3893618957220489
2017-07-19,,,,-1.5254003078891256,0.24473065946138425
2017-07-20,,,,-2.09730802427006,1.1302129762014936
2017-07-21,,,,-1.9133133353010736,0.8246529085255124
2017-07-24,,,,-1.967270826881344,0.8926222835398019
2017-07-25,,,,-1.7557406792828367,0.7063074932870017
2017-07-26,,,,-1.686535425261018,0.4718992712459378
2017-07-27,,,,-1.7998847417053803,0.5266414595882022
2017-07-28,,,,-1.8947010070322847,0.6601711639856997
2017-07-31,,,,-1.919666377277671,0.6972706060479054
2017-08-01,,,,-1.7444042919654645,0.31861902004219855
2017-08-02,,,,-1.7209918979123127,0.2095556893003641
2017-08-03,,,,-1.7927822843117098,0.21322047282075537
2017-08-04,,,,-1.8345326121680843,0.37799143712983163
2017-08-07,,,,-2.166888799878851,1.0394176749064368
2017-08-08,,,,-2.152051582137408,1.111199331644045
2017-08-09,,,,-2.062177741273753,1.0399810331894597
2017-08-10,,,,-2.0640558019015716,0.9864844621043245
2017-08-11,,,,-2.2316842800659398,1.27829836577779
2017-08-14,,,,-2.618922998657149,1.9296807416776784
2017-08-15,,,,-2.5097885636105217,1.681889541143973
2017-08-16,,,,-2.6081108403250672,1.655110203689054
2017-08-17,,,,-2.56002279522254,1.5210109602154573
2017-08-18,,,,-2.4451239161300276,0.8269755094812786
2017-08-21,,,,-2.3230687454111,0.6832997101611056
2017-08-22,,,,-2.3498740664584714,0.7427301095302272
2017-08-23,,,,-2.33991357421579,0.9087010175000997
2017-08-24,,,,-2.403834619891067,0.9981190782615137
2017-08-25,,,,-2.3815688253642078,0.9104412785535595
2017-08-28,,,,-2.3428133702304206,0.7443217417323282
2017-08-29,,,,-2.4135964189869017,0.7957242310212684
2017-08-30,,,,-2.3609024104412537,0.8714188057347116
2017-08-31,,,,-2.3832313108901344,0.9511843657556693
2017-09-01,,,,-2.427611352544988,0.9194304534782165
2017-09-04,,,,-2.0330746981239503,0.4261307567100013
2017-09-05,,,,-2.049143191734016,0.13723550846199947
2017-09-06,,,,-2.1362576215006617,0.25464583663408785
2017-09-07,,,,-2.117733393900932,0.3153143530920221
2017-09-08,,,,-1.9153365648339122,0.005144024577734773
2017-09-11,,,,-1.8442389077157835,-0.021802276323738334
2017-09-12,,,,-1.784256084551405,-0.25632603521210734
2017-09-13,,,,-1.6227648722856147,-0.5119993641150831
2017-09-14,,,,-1.189317816170482,-1.278825587415155
2017-09-15,,,,-1.4541199033448513,-0.8053107376565046
2017-09-18,,,,-1.6369267294337346,-0.2533254989800515
2017-09-19,,,,-1.5530535138296728,-0.4314596747363736
2017-09-20,,,,-1.5295004666023237,-0.5064456470534399
2017-09-21,,,,-1.3671074003530728,-0.6741031183192491
2017-09-22,,,,-1.3475769043919663,-0.7854827394718311
2017-09-25,,,,-1.4645109405725738,-0.5937684029598004
2017-09-26,,,,-1.4183412079373083,-0.6633951476999234
2017-09-27,,,,-1.5329127297722442,-0.431389230566729
2017-09-28,,,,-1.4846557690933795,-0.49664936378015273
2017-09-29,,,,-1.4201170881478866,-0.6235823820942178
2017-10-02,,,,-1.4653705729890958,-0.4955573333427561
2017-10-03,,,,-1.4049579905948322,-0.4045132705285628
2017-10-04,,,,-1.3517418693494476,-0.48489603345578436
2017-10-05,,,,-1.3772748527492042,-0.40472350894913695
2017-10-06,,,,-1.3549424695405234,-0.3522935823454023
2017-10-09,,,,-1.4643629149149078,-0.013499486160363353
2017-10-10,,,,-1.454762328818797,0.0008438415081101261
2017-10-11,,,,-1.452356213935842,0.07079100288857491
2017-10-12,,,,-1.6260974464214244,0.5040657534880021
2017-10-13,,,,-1.6284935785686157,0.7785881986159896
2017-10-16,,,,-1.5902864269422206,0.6586699655310928
2017-10-17,,,,-1.5072468987642529,0.16205156652701896
2017-10-18,,,,-1.4489528511287597,0.22963431095672043
2017-10-19,,,,-1.4409284254794832,0.2287427537305246
2017-10-20,,,,-1.4765980215231516,0.5080987786812978
2017-10-23,,,,-1.3920147875737579,0.47000936461626974
2017-10-24,,,,-1.206313391359837,0.03695677241368188
2017-10-25,,,,-1.154284941374901,0.0639012444165037
2017-10-26,,,,-1.0970579896144865,-0.016134592785301483
2017-10-27,,,,-1.0154641373383577,-0.05834536514670593
2017-10-30,,,,-0.9739819419944729,0.06905321390281813
2017-10-31,,,,-0.9367588171898112,0.011121073898108678
2017-11-01,,,,-0.9695162129302176,0.05312119146819646
2017-11-02,,,,-0.9860220644469349,-0.016662386349375214
2017-11-03,,,,-0.9565698838431648,-0.046064194409598136
2017-11-06,,,,-0.8924910604488914,-0.08151658806021918
2017-11-07,,,,-0.884008964580671,-0.15386466757079678
2017-11-08,,,,-0.9010877620886398,-0.13749938361238187
2017-11-09,,,,-0.8269131365399286,-0.4720624760448253
2017-11-10,,,,-0.7223971389917594,-0.7606744028555337
2017-11-13,,,,-0.6914507357263225,-0.8844790391309261
2017-11-14,,,,-0.685788045511637,-0.8952180436462077
2017-11-15,,,,-0.7581289379312853,-0.6361027134254149
2017-11-16,,,,-0.8022961292997273,-0.4480379952060322
2017-11-17,,,,-0.757995340243251,-0.518227345396534
2017-11-20,,,,-0.8030628107862655,-0.412039437219504
2017-11-21,,,,-0.7680003801396315,-0.5001117510682122
2017-11-22,,,,-0.767115054156548,-0.3760807374823442
2017-11-23,,,,-0.7233119089070724,-0.5183739483723873
2017-11-24,,,,-0.7284645283289545,-0.5607673957213458
2017-11-27,,,,-0.8730410182959188,-0.1432218714102377
2017-11-28,,,,-0.8675671357208531,-0.22340615776331596
2017-11-29,,,,-0.8297642710104502,-0.39909102233950966
2017-11-30,,,,-0.8513550940761301,-0.19722536841365734
2017-12-01,,,,-0.9029638427462433,-0.12438243214911636
2017-12-04,,,,-0.9433622468460601,-0.060064507893374836
2017-12-05,,,,-0.9453360191630424,0.01987930885073619
2017-12-06,,,,-1.0913552475597015,0.485897430600711
2017-12-07,,,,-1.2836710421977953,1.0129667425848132
2017-12-08,5.0,,5.0,-1.2014155627437086,0.8503980645289738
2017-12-11,-5.0,,5.0,-1.205140569711971,0.9806413311854445
2017-12-12,-5.0,,5.0,-1.2196559696147584,1.180901316709379
2017-12-13,-5.0,,5.0,-1.1572109695930712,0.8380796812075447
2017-12-14,5.0,,5.0,-1.1429858069612742,0.6607510881470365
2017-12-15,5.0,,5.0,-1.1766123889934756,0.7584714217194963
2017-12-18,5.0,,5.0,-1.2286035848719064,0.9347460417147775
2017-12-19,-5.0,,5.0,-1.1558924127964991,0.8202209664529225
2017-12-20,3.031665101994151,,5.0,-1.0866535378806197,0.6726526337916778
2017-12-21,-5.0,,5.0,-1.0330439164356795,0.46811171874259544
2017-12-22,5.0,,5.0,-0.9129973961646055,0.2097359034325012
2017-12-25,1.3792395346415642,,5.0,-0.9126483641226143,0.15597193380740584
2017-12-26,-0.20672023995747524,,5.0,-1.0173263554800156,0.2815279878096449
2017-12-27,-2.7075797679819362,,1.850740440964434,-0.9950143447574076,0.20620694839589776
2017-12-28,-5.0,,2.8494052029909174,-0.9171671547694684,-0.015753211391168483
2017-12-29,-3.4294461064446016,,-1.743636129076188,-0.9108752311572177,-0.02960602045195686
2018-01-01,-5.0,,-1.2786608841678935,-0.8411212837252549,-0.22732747275177817
2018-01-02,0.32090631330314967,,1.792256496162231,-0.9010490782148685,-0.08484207815341496
2018-01-03,5.0,,3.704175237406855,-0.8937297049297989,-0.08811795104396214
2018-01-04,-5.0,,4.679800013145045,-0.9026747034170035,-0.29570455130696754
2018-01-05,5.0,,5.0,-0.9849715782219871,-0.26450797100800755
2018-01-08,3.294415346795124,,4.798498174659149,-0.8629215264092848,-0.4927909562257439
2018-01-09,-0.15181022632631438,,3.406063849300926,-0.8203226233472267,-0.7007588667490293
2018-01-10,1.8908718315809432,,2.865043763636955,-0.8292903328654309,-0.7185779087957768
2018-01-11,1.5544794930612849,,3.269535842644679,-0.7285608740689473,-0.8995056702086495
2018-01-12,5.0,,3.559311906945526,-0.7468102205981766,-0.888515253510318
2018-01-15,2.686921332227331,,3.560818099365328,-0.7198304060666673,-0.9401193732472377
2018-01-16,0.14194865015296734,,2.184967126405411,-0.562474864823939,-1.3970593747749378
2018-01-17,-0.10987278476095393,,1.8140378004925175,-0.5307453780710741,-1.376728979130566
2018-01-18,-5.0,,1.1785200702942267,-0.5423692627823761,-1.2380315641716018
2018-01-19,-0.6498803386389739,,2.271041849593326,-0.548009857738165,-1.1455743465072115
2018-01-22,-0.12890990475031402,,3.3193921081665287,-0.4922472607919884,-1.20243130857419
2018-01-23,-1.5480682798698502,,2.795200739066335,-0.4819636660620338,-1.2414037713432524
2018-01-24,-0.41022372675209096,,3.1254683843210143,-0.5064780232639481,-1.224990824245216
2018-01-25,-5.0,,2.759143519193504,-0.4873607712232497,-1.2680271005900534
2018-01-26,2.4756486609723503,,4.132818825989392,-0.46959877490360646,-1.2719577702854012
2018-01-29,-0.4995747270656284,,1.3271732232991258,-0.45938940909152537,-1.2916980380391998
2018-01-30,-0.5574217672527829,,0.28525803597016886,-0.35596552969464323,-1.5323981526685
2018-01-31,-1.2993445579213347,,0.40032664297393183,-0.3560529111003488,-1.5922446349733335
2018-02-01,-5.0,,-0.11322907792827244,-0.26132477547414157,-1.7708541360436718
2018-02-02,4.824686118451304,,-4.650010518578105,-0.2233355998597792,-1.8460302750248199
2018-02-05,-2.06893919626467,,-5.0,-0.024873596349749318,-2.4027903474940584
2018-02-06,-2.3340780743794816,,-5.0,-0.10590376229478685,-2.125780440319316
2018-02-07,1.05723568692269,,-5.0,-0.08645074210950132,-2.046156869725447
2018-02-08,5.0,,-5.0,-0.14568681118640972,-1.920743401172944
2018-02-09,1.652821428406386,,-5.0,-0.18178904358910522,-1.741144481342361
2018-02-12,-0.5978029712165767,,-5.0,-0.1891321305529129,-1.7699223362958
2018-02-13,0.5672591842446775,,-5.0,-0.15287614749225348,-1.8509209842646235
2018-02-14,-1.721831221876906,,-5.0,-0.22276973528844218,-1.5444549164056136
2018-02-15,2.8719392600449307,,-5.0,-0.27091457323569834,-1.448105990244014
2018-02-16,0.864622191639371,,-5.0,-0.2696165997709565,-1.449855150538503
2018-02-19,-0.28729847639625383,,-5.0,-0.3317980001497059,-1.3115413775832425
2018-02-20,-0.35181801242915756,,-5.0,-0.3334583446052559,-1.2214770231231764
2018-02-21,-0.6165165874945002,,-5.0,-0.2732233571995098,-1.3491801639869843
2018-02-22,-5.0,,-5.0,-0.2174921064272301,-1.5977333987482618
2018-02-23,0.7828144620656877,,-5.0,-0.23604652345922789,-1.565565003796871
2018-02-26,1.868527215098067,,-5.0,-0.23067481470111756,-1.5490186603020142
2018-02-27,0.41887306282767517,,-5.0,-0.25091842195857406,-1.467885891405254
2018-02-28,-1.187667932776974,,-5.0,-0.2175813671840891,-1.4958300700607552
2018-03-01,-3.0953304096194456,,-5.0,-0.24473657835325907,-1.455484409614022
2018-03-02,2.7035315971118705,,-5.0,-0.24467029608266344,-1.372143259316529
2018-03-05,-0.21842246279457328,,-4.821474612335939,-0.26605816644580105,-1.366233248885832
2018-03-06,0.003935135003057235,,-2.707938766244094,-0.19826321156941268,-1.4470500313707373
2018-03-07,0.1926120707794411,,-3.0847258662229797,-0.1225479650995747,-1.5649534083603476
2018-03-08,0.5132641187010467,,-2.180866958315973,-0.06401978560783363,-1.625232794641251
2018-03-09,0.6275011901814181,,1.0067354933220034,-0.05290433953158877,-1.6034018696315073
2018-03-12,0.20508241608904018,,-0.22564842288447437,-0.03377244159153914,-1.6412071937771855
2018-03-13,0.032965766317581864,,-1.247334989712437,-0.028152970862917976,-1.6873620271771987
2018-03-14,-0.18893481373050125,,-1.8023945294002748,0.05804762338512369,-1.821474246698114
2018-03-15,-4.577025488751598,,-2.102296564020261,0.05757118322777151,-1.88485845956931
2018-03-16,-0.04187418543287333,,-2.163293425142917,0.057058419668502815,-1.8436722853234468
2018-03-19,-0.7348156937032748,,-3.8471662641102724,0.035875160592214086,-1.7234518779851775
2018-03-20,0.0710252341275257,,-3.2932863094179745,0.01321771302874793,-1.692424953105395
2018-03-21,-0.5476171153327829,,-2.934679907219933,0.014694417272531785,-1.6008412755368917
2018-03-22,-5.0,,-4.338513131785055,0.03648093215633403,-1.6015091855253472
2018-03-23,0.7468851474527648,,-5.0,0.026513484647640077,-1.5997858880757432
2018-03-26,0.07435697026229218,,-4.943235411213718,0.0940373239081532,-1.696836457474799
2018-03-27,0.26960232162882286,,-4.839206088879478,0.13401745572656543,-1.720035493458194
2018-03-28,-0.4863668254472582,,-4.580596732830474,0.12486502104444742,-1.7010052040534764
2018-03-29,-1.9197762289296387,-0.42177330183414996,-3.6580026362888627,0.20998880366610928,-1.7696190872606494
2018-03-30,-0.06140787463167046,-0.1428204426197234,-3.624235335885237,0.24366937584426349,-1.8836608588885386
2018-04-02,-0.12436342964058875,-0.22264996277024196,-4.416812278449806,0.22710365400271224,-1.8465510875550721
2018-04-03,1.2133319227903434,-0.20014377733012384,-4.1798086528450415,0.18926358312920016,-1.8220069064955708
2018-04-04,-0.5503756725840228,-0.14187057430502648,-4.047289274696201,0.2571661206045874,-1.930693694667583
2018-04-05,1.0699077766987017,-0.10571106513464774,-3.4666459452594673,0.26431917071091116,-1.8322539769633928
2018-04-06,-0.1232351298889469,-0.16419101452466509,-4.4390797180344235,0.28698077200407884,-1.8441764500655597
2018-04-09,-0.06728578142335045,-0.2117643781494362,-4.70259405639886,0.27634750717063594,-1.8273037632178246
2018-04-10,0.01602267451600779,-0.17325222898074266,-4.078026535412612,0.2711809198100138,-1.7534011639438805
2018-04-11,-0.041734664214398684,-0.10770934434301555,-4.180573831788639,0.2584596789055776,-1.6908912677757046
2018-04-12,0.7379958310845743,-0.034974575300827704,-3.487030805263216,0.16431941019002375,-1.4497973248976264
2018-04-13,-0.23283503406560474,-0.015956299503331092,-3.1747957500238244,0.16588752208170507,-1.356630683064698
2018-04-16,0.010910951153241031,0.0,-2.6679823437370023,0.15520218445868153,-1.3226665993515507
2018-04-17,-0.07526694964135217,-0.030478090264297,-1.7072625973285616,0.1729998239140999,-1.3447324160440335
2018-04-18,-0.1431742765549611,-0.0009012950063812073,-1.631817513628806,0.15006295648130907,-1.2990369545644131
2018-04-19,0.875118880119802,0.34052295874698874,-1.91111464333904,0.1403045893952121,-1.2517653939945839
2018-04-20,-0.1945238617165475,0.5475824802868252,-1.6484294919007279,0.09305487264853302,-1.1654186317407322
2018-04-23,-0.05241194926938956,0.6070354506203957,-1.015745843649948,0.09112491811283634,-1.1645238373482258
2018-04-24,0.013332143233095513,0.56167333127184,-2.313923056616284,0.030579960710590062,-1.047383174084646
2018-04-25,-0.0935783231850609,0.642976979022006,-1.7876840844139097,0.10507079063662976,-1.129616013553635
2018-04-26,-5.0,0.6032861924002677,-1.1214791569829614,0.07022199620960591,-1.0926924140857106
2018-04-27,-0.1236560825769429,0.5951189600705592,-1.2940648822860352,0.09794207302872614,-1.043362880116048
2018-04-30,-0.060154172350871296,0.6607067006179819,-0.9098983659738975,0.08188535951134908,-0.9992225466293896
2018-05-01,-1.1967668367276696,0.6564362172167055,-1.0311593716699494,0.09495794527970862,-0.9708928981758946
2018-05-02,0.7545286562579369,0.5991847672864741,-1.4233946753963997,0.08735297656974364,-0.9586411620642608
2018-05-03,-5.0,0.2845045421258973,-1.5962566971324115,0.04839196491193306,-0.7726657461773233
2018-05-04,-0.04804957369203133,0.3431112324791291,-0.6376116542844964,0.05470692523033441,-0.7906598786140683
2018-05-07,-0.12324568408950289,0.41102588406801516,-0.6480428886358415,0.08906912353584005,-0.7841594508586232
2018-05-08,0.02787724432312758,0.2916866716005859,-0.9750414485430916,0.1054030876053493,-0.8313885622039213
2018-05-09,-0.1508612361569739,0.45406473525402924,-0.38129135364467664,0.1056200027597739,-0.8419826315950983
2018-05-10,4.541603187471079,0.41994161648335665,-0.2715711642080051,0.13673033769015402,-0.907805779224794
2018-05-11,-0.2783369108933426,0.28452289055887164,-0.09780945619170682,0.19299607603468197,-1.0358542599766036
2018-05-14,-0.00365366063483823,0.294869761322058,-0.3233588118013957,0.17459036182546456,-1.0236379370033135
2018-05-15,-0.2956408195048051,0.32436567573141706,-0.9352968084258104,0.19645408175242007,-1.0798486345500664
2018-05-16,0.01474128377585413,0.28800951706305206,-0.6556188442885058,0.21246653946127955,-1.0486247010860443
2018-05-17,-0.5867421918797137,0.2889467903894234,-0.5413014679361371,0.24125739428516468,-1.1054906061343517
2018-05-18,-0.14745780075640588,0.18350758096465214,-0.4987344034302958,0.2304633042720741,-1.0822343680450826
2018-05-21,-0.8115614230216116,0.10274709944900379,-0.19548349345349494,0.22214510231633938,-1.0632037030244448
2018-05-22,0.29203221556394354,0.006707446919115946,-0.0321737318547414,0.2624858536378291,-1.1190502105605566
2018-05-23,-0.050216216573996525,-0.21638911234801533,-0.003992462774012597,0.31499389355092366,-1.2233220377475085
2018-05-24,0.9876701152395693,-0.49478397712049565,-0.1547885558618462,0.31532060921511157,-1.1585945909926842
2018-05-25,-0.44874296045680934,-0.5188859954504454,-0.3520916924373632,0.32906537174314693,-1.201379259693813
2018-05-28,0.533240921399482,-0.5786510191252853,-0.3266893285274078,0.37208681904575236,-1.2288759989008187
2018-05-29,-0.15998502065402975,-0.7533952548650786,-1.0844036034979319,0.34001580462253955,-1.2094488768262162
2018-05-30,-0.055132881419616774,-1.0180439134529866,-0.5060583340801462,0.35083486018173293,-1.1928562339202256
2018-05-31,-1.1432492754243608,-0.6744907594765952,-0.5736049902900537,0.34415990780675393,-1.2239571148823878
2018-06-01,-1.5734020346682593,-0.6813057519105791,0.08082486978799244,0.34198582417654233,-1.2674983405314553
2018-06-04,0.7662857005414497,-0.5705354995138319,0.044027185202582315,0.3528505529723692,-1.214019104338842
2018-06-05,0.02697166462908949,-0.45584494048825447,0.0767130728522399,0.3468741411459329,-1.1554154828956138
2018-06-06,0.44254463521965265,-0.5377632145576793,0.38613860920519966,0.3514648684344735,-1.1419625359900318
2018-06-07,1.06358017410539,-0.5122110473640253,0.03663843231213541,0.3543294082900298,-1.1159776393785465
2018-06-08,0.9352557634116124,-0.5712146293261127,-0.05201257151741032,0.36356068664353614,-1.097986256218336
2018-06-11,0.21266661237464124,-0.5366928232090683,-0.1868765411955853,0.4504527430387329,-1.1255194458693643
2018-06-12,-0.2713397502772811,-0.49240888033569935,-0.0940029560023559,0.49341414525943106,-1.1911556915678672
2018-06-13,0.2535788597387339,-0.4493403961829622,-0.14162503967541912,0.5268290609667657,-1.1944322541281653
2018-06-14,1.431353391188484,-0.39471119831698315,-0.09378051162659153,0.49036702087446166,-1.1210904565739097
2018-06-15,-0.11512256522845657,-0.35319522093269934,-0.002475145676429696,0.5272626867331686,-1.1269036647007784
2018-06-18,0.16611651406642336,-0.4464940344713293,-0.09638666994085361,0.503780948037828,-1.0352511047757598
2018-06-19,-0.10260708801927518,-0.5426519341821655,-0.4989697688268947,0.5050565965942933,-1.017209144460205
2018-06-20,-0.03292625011560311,-0.3195053960456021,-0.1902684558960647,0.5135892488060435,-1.021900130220075
2018-06-21,-5.0,0.007060556248506186,-0.7146635384245469,0.5290201429062328,-0.9448613805601922
2018-06-22,-0.13187016779000754,0.0493098126422191,-0.44127837477527043,0.6227178864460938,-0.9796009211602769
2018-06-25,-0.060777175773624605,0.011044482611242145,-1.313484503442728,0.6062055208124143,-0.9280758322566282
2018-06-26,-1.2863534661166625,0.23405866919641807,-0.6839750570093189,0.637228238224384,-0.8511355031441525
2018-06-27,0.13206451368473457,0.5425930289663493,-1.4342925729044789,0.6359510009883,-0.8281067174995037
2018-06-28,-4.3999335897168885,0.39540856492894266,-1.0391181555981865,0.6748140808034931,-0.8105287347787492
2018-06-29,0.07170967829686534,0.4529924351761684,-1.0736031280261484,0.6309658166488137,-0.7460309929979906
2018-07-02,-5.0,0.2800020544200922,-0.9702814046770788,0.5810781080935956,-0.6728067377159058
2018-07-03,5.0,0.2447556347647979,-1.2230779039764044,0.5944402078785709,-0.6391257119788935
2018-07-04,2.822608279981707,0.1720620554121651,-1.093398422978105,0.5872290939060659,-0.6098512411357617
2018-07-05,2.336170517555364,0.1060127251236005,-1.031251849677059,0.5837509629053206,-0.6062876714556567
2018-07-06,-0.351918910140712,0.29434580496174084,-0.4203293719286396,0.5819254609936979,-0.5790456975671718
2018-07-09,0.42378189224276835,0.2212191099507722,-0.18343598472835415,0.5796246669144073,-0.4939132509633356
2018-07-10,0.04843283938628181,0.21506980514803592,-0.14099975260642592,0.6429528775260438,-0.43976779617340583
2018-07-11,0.1203197200169539,0.18573193797970436,-0.5315423517137037,0.643785589462898,-0.3439047863352308
2018-07-12,1.328340062665254,0.03325644994096139,0.008716366391061183,0.6738779092503121,-0.33383214008176476
2018-07-13,-0.2105579882246409,0.028464847180923958,0.030870073771978004,0.6747739341416754,-0.33770791480153906
2018-07-16,0.19456030455097972,0.08690695348712191,-0.10552334700590245,0.6128280496871423,-0.2535060783156845
2018-07-17,-0.06680590266977325,0.2278590787503946,0.22712871472460516,0.5461238962777114,-0.17322273197592578
2018-07-18,-0.09789750560032674,0.3047955752305036,0.3658060900179539,0.5485597590642489,-0.16837460341184454
2018-07-19,-0.41699726397181314,0.25738916734754685,0.05571942383610986,0.5426727981174473,-0.16075328104342648
2018-07-20,0.37524814633706205,-0.2701687168187506,0.3388020039229865,0.5598443828931391,-0.1859054215454344
2018-07-23,0.27127026549286964,-0.2849784963798455,0.27479289019611414,0.521693824485536,-0.07166058720936878
2018-07-24,-0.14394005324522566,-0.2127586542005725,0.761448817769947,0.44431351029261407,-0.01279204259249926
2018-07-25,-0.33105766686979404,-0.32864537430867574,0.81766228635384,0.4770871112898011,0.0061598237966593835
2018-07-26,-4.4774538735081375,-0.21897503409738947,0.9375393802066933,0.5110326075837044,-0.022275149210056605
2018-07-27,-0.10937108910184487,-0.24500553044523246,0.49209590443333207,0.49391011592024714,0.056298435557671826
2018-07-30,0.04499373374600545,-0.2630333555765912,0.2636812207625669,0.5035362758210847,0.05327717794571284
2018-07-31,-0.08338370397762451,-0.2906051589266573,0.5161096964488867,0.5671770259812887,0.025651603274499866
2018-08-01,-1.0093369266958516,-0.19246333911814636,0.24082812840161696,0.5963753837654157,0.0008539242483934832
2018-08-02,-2.3532395952920617,-0.24215330116986275,0.4557133341170698,0.6085780053669769,0.007666454005506759
2018-08-03,-0.10285226877515442,-0.358129891363198,0.47107036949265463,0.6311519398831789,-0.012893030482961103
2018-08-06,0.01143259817526403,-0.35877901121022854,0.2509789788960008,0.6989877022005857,-0.08227119570821702
2018-08-07,-0.003776272510286556,-0.5382342727458034,0.34215200403198537,0.7250809337784773,-0.0995903870310271
2018-08-08,-0.37637450408131207,-0.5777554561248079,0.39294069416295313,0.7896173566554796,-0.09669333590464471
2018-08-09,4.161714606603027,-0.5858553468955102,0.14856560589381215,0.7430277187043851,-0.08037294686449371
2018-08-10,-0.4579724363340542,-0.7636870135298851,-0.37449208782268867,0.8052466660887287,-0.11877607437451404
2018-08-13,-0.505993524536008,-0.7901292963550258,-0.6288517607652084,0.7931012550638062,-0.08353832686861835
2018-08-14,-0.08775734497329873,-0.7899305333263351,-0.5247860514575681,0.8052313346323601,-0.12035841305417741
2018-08-15,-0.2572636140889322,-0.8659372290499118,-1.0018431318536516,0.785726639847638,-0.12730930589861417
2018-08-16,-5.0,-0.847069967790282,-0.23978158918033413,0.7824369504280497,-0.09071218020007095
2018-08-17,-0.2426912913767099,-0.4007997633170401,-0.10855443997394788,0.7456507977233131,-0.009240896103795295
2018-08-20,-0.7633958838352886,-0.37152909589247973,0.021025011642391993,0.7864483548457982,-0.01904098148197541
2018-08-21,0.49521566711300397,-0.4520180027015077,-0.18074186968943004,0.7505976503798425,-0.007701176452266531
2018-08-22,0.051239752265879734,-0.3372608632480756,-0.31571592743998544,0.7661071656360088,-0.05602520837726449
2018-08-23,-1.0913349067954654,-0.4284636190971349,-0.2959862655288053,0.7431651037703079,0.006896893532765453
2018-08-24,-0.1813450743442198,-0.400868713059931,0.05095764447161066,0.7167787769614293,0.02779791424565365
2018-08-27,-0.3887480805292786,-0.3345802935341668,0.2905447085365295,0.6958701681571936,0.04608730292647798
2018-08-28,0.7248320656905063,-0.18856101969681338,0.20167878676784265,0.6694434375940416,0.0720886486560957
2018-08-29,-0.12976544834478376,-0.1814496058479213,0.296678436055725,0.6768461051349489,0.10701688142431465
2018-08-30,-0.7707348133187736,-0.3180463278158463,-0.07484359147869427,0.6846532133160039,0.12935135109707832
2018-08-31,-0.05190175013342075,-0.3175015845416669,-0.1708640215980791,0.6790974215686486,0.15289067116858834
2018-09-03,0.13673660635604823,-0.333143604146723,-0.04884987669397796,0.6562494710617875,0.19754254706059413
2018-09-04,-0.09299049684599593,-0.25849966082206655,-0.21054207404263925,0.6461532483500613,0.24754249331990155
2018-09-05,-0.0434982330945722,-0.19194705093543774,-0.452870310468676,0.7269215664970967,0.18691481259620993
2018-09-06,2.5535310151814787,-0.3771475648959728,-0.6598605359077458,0.7683376689442409,0.23501421508499834
2018-09-07,-0.25238208948808843,-0.22393652194657984,-0.7146068166488242,0.7793094681940061,0.2207271440740427
2018-09-10,0.11630888661912464,0.020800120907828977,-0.3634922637754636,0.8057554059950244,0.2430031266875593
2018-09-11,-0.12061085649913467,0.08809405711385833,-0.00575881223309147,0.8083408679885344,0.21804053185961073
2018-09-12,-0.4381505234382187,0.13090337931369453,-0.05334948867295665,0.8051712262893442,0.23868740890776982
2018-09-13,5.0,0.1429033134683519,0.4216943954031017,0.7811575623029889,0.24686095228373256
2018-09-14,-0.31267832097882003,0.296409508482709,0.2746152146235714,0.7836236699137504,0.2500076334524968
2018-09-17,0.07844643351779415,0.4247298834726575,-0.18589950564045635,0.8253951628103167,0.1978134488692218
2018-09-18,0.158980125072351,0.4868681450675749,0.21134142149671195,0.8133361499359193,0.25073922943942106
2018-09-19,-3.495327170706074,0.49889303028063936,0.2613199944039218,0.8017069871237169,0.28113894726392674
2018-09-20,-5.0,0.5108271843180296,0.502161097030697,0.776044888469051,0.30277966648661
2018-09-21,-3.343950250981416,0.4651486260853915,0.8929237931977463,0.7420050371534406,0.3568760480533596
2018-09-24,0.06857030154547102,0.43369859163171337,0.37506430336241897,0.7642965219201261,0.3328176238312898
2018-09-25,2.948053130731025,0.4332864419726804,0.053100311033146025,0.78808264520611,0.3076941382134524
2018-09-26,2.151859961656088,0.38094085908467246,-0.06336611299817148,0.7796750184446862,0.2779203845711767
2018-09-27,-5.0,0.7263041591457547,-0.007126860455048872,0.7507637631616585,0.3102775482590467
2018-09-28,-5.0,0.8891631901098077,0.21120799276547733,0.7564624156322087,0.3209746437249661
2018-10-01,-5.0,0.9518612151306007,0.22643147668668698,0.768865513256472,0.31549783585339125
2018-10-02,5.0,0.7716168165147775,0.20508017593590888,0.7730145995619322,0.29323056548531157
2018-10-03,0.19612754446440517,0.7190263840282798,0.5746509184854159,0.7770855130872976,0.2770870503784483
2018-10-04,-5.0,0.9175614440335884,-0.48841049112689844,0.7629836090572104,0.32588996736933
2018-10-05,-0.1543171825507399,0.8746457422850987,-0.5221971582684861,0.7572459491339213,0.3490835660107777
2018-10-08,0.5532714180044438,0.7237959517693956,-0.7684369201384346,0.7442487632446027,0.3558833089338453
2018-10-09,-0.09968055092493187,0.4301070317329812,-0.8995521529738433,0.7276064543394761,0.36968656525516785
2018-10-10,-0.3565697050740456,0.276302213173529,-3.5356593442904862,0.7305107624754305,0.3656523095405958
2018-10-11,5.0,0.12197401240304434,-4.300778433260861,0.7806345241591119,0.28659382366225106
2018-10-12,0.08364351038807788,-0.11398734881530027,-3.436576525892077,0.7697454230313314,0.25522757984898437
2018-10-15,0.42198379209424747,-0.19345550765722516,-3.2802212202553016,0.7133231338392574,0.2930641105633493
2018-10-16,0.19128177580127026,-0.18340497940992612,-1.8910712644680847,0.7055126520272328,0.3075894524011667
2018-10-17,-0.2047457995779578,-0.1655129165862281,-1.7813219819782742,0.708914431200337,0.28309271306004413
2018-10-18,-4.223349135192336,-0.17130139514440063,-2.789966772069619,0.7162501555868211,0.2761824417026089
2018-10-19,-4.341902275230674,-0.19012206146578775,-2.5849847647603634,0.7143952010127347,0.23348779607528913
2018-10-22,2.625973379109659,0.018023239472149975,-2.46889132662922,0.704321393100023,0.23941673489822698
2018-10-23,0.30378075240784824,-0.36628682413338964,-2.851141053887855,0.6949011253592368,0.25409800561058393
2018-10-24,-0.6200724162712065,-0.40971026511474057,-3.7751746466188028,0.6890301278382603,0.26694396643570456
2018-10-25,-5.0,-0.6578616000540828,-3.3952285429106888,0.6811087160172571,0.25899679847566615
2018-10-26,1.9759681530948827,-1.0128432429991567,-3.5865871115069354,0.673618276006767,0.251630691056844
2018-10-29,-0.07796537944074539,-1.1153374571398609,-3.4843379496515414,0.6983092298320828,0.24141127330303505
2018-10-30,0.08702628554017243,-0.9827928241379938,-3.178457229385493,0.6897250853703404,0.2581297082284644
2018-10-31,0.4813937316665281,-0.8927322057534971,-2.377062209934499,0.6870753654478516,0.27056833746450015
2018-11-01,-5.0,-0.7532530782643836,-1.759040655480938,0.6709020026351848,0.3060888901757943
2018-11-02,0.193520764641792,-0.7832485770053861,-1.548988252895493,0.6590488558527579,0.3209675805827459
2018-11-05,1.524768747617149,-0.5528074986395933,-1.588286076181991,0.6501053641761874,0.3610047011486925
2018-11-06,0.08293136944671715,-0.35350577014742796,-1.33645850625725,0.637758524128331,0.3524106515731896
2018-11-07,-0.4749108764629059,-0.12653020109618332,0.0909602924578254,0.6256838849605664,0.39343025767758066
2018-11-08,5.0,0.24824795535097088,0.3229886641523523,0.6352078175662568,0.3871696297318075
2018-11-09,-0.059475895279665354,0.4983618608183386,-0.14935188523098258,0.6443622965879046,0.41861653337632915
2018-11-12,0.17863479042441177,0.4209301927996759,-0.623535728489538,0.6484950211887784,0.407361637955109
2018-11-13,-0.2632213503336139,0.3823675516177064,-0.8366988885741569,0.6413970782450017,0.37445067481348776
2018-11-14,-0.5078808600190563,0.0006645885654655346,-1.1694367114945519,0.733844419421499,0.2620568183032887
2018-11-15,-5.0,-0.24329281272841344,-0.7754561222981537,0.7406111576700175,0.2724727321047738
2018-11-16,0.03853724180972992,-0.6077622684270517,-0.5191209682319307,0.746650791899045,0.257438161869843
2018-11-19,-5.0,-1.0691190446678125,-0.8441772783238137,0.8816753487960932,0.11458425510428569
2018-11-20,1.0728994021866551,-0.7548747664632451,-1.3270038329903204,0.974571544588906,0.013452534804940677
2018-11-21,0.5573512487536578,-0.6396796787615437,-0.6391826071625476,0.9395162810972258,0.04036954807971858
2018-11-22,-5.0,-0.3613892093293205,-0.633795521525763,0.9962633152964999,-0.018190955986727382
2018-11-23,-0.1961744213130052,0.007564253047020161,-1.0466099142970375,1.0018871858297518,-0.029634261371452395
2018-11-26,1.8528511701708716,0.20334919092694992,-0.2274033317485838,1.1566130570313837,-0.18835635403664222
2018-11-27,5.0,0.31725628413679097,-0.16579432618373408,1.1408112539382231,-0.15481259502320968
2018-11-28,-0.01684382844035669,0.14516589530764035,0.18942011371269407,1.0212326874958213,-0.031052116974050272
2018-11-29,-5.0,-0.2961018252645959,-0.0776846940429928,1.0165678801463462,-0.02852515207890928
2018-11-30,-0.41008116615091583,-0.1939574179471822,0.049729875400124066,1.0747198944847465,-0.11086113354115484
2018-12-03,-0.4186248898587082,-0.5411783261237791,0.39077477533062077,1.0963802609087163,-0.11248844371823936
2018-12-04,0.10760467195704271,-0.728324023813362,-0.6532672724999388,1.0625925230271958,-0.049373282827059654
2018-12-05,-0.035253772717805915,-0.874625471526716,-0.4554911540471975,1.1048342673715341,-0.09612663506372765
2018-12-06,-5.0,-1.217600861862193,-0.6383654781776804,1.168522986265459,-0.15919851916057814
2018-12-07,-0.8959576607787388,-1.3789440843967733,-1.44193370036397,1.1889819100279482,-0.1898328389794371
2018-12-10,-2.198008920576794,-1.2517549247594772,-1.2784744954569267,1.1469250431494107,-0.13873242682506282
2018-12-11,3.4155119157437728,-1.2034540868819152,-0.9503457108098491,1.1594788133110123,-0.1742992916549688
2018-12-12,0.9034974066266176,-0.7251060648919975,-0.6360223131454985,1.1327845258465017,-0.14487683734020504
2018-12-13,3.590067986054438,-0.4916448373443048,-0.5134571747605959,1.1789923638012096,-0.11728961717860155
2018-12-14,-0.22169197110125113,-0.3068444716917367,-0.7141712627212069,1.19444110868415,-0.12862896050768846
2018-12-17,-0.0015996332206141093,-0.2638821854359922,-1.26212479920368,1.0951171953122436,0.01939491742916307
2018-12-18,-0.25299511363821614,-0.5186221096708328,-1.2993343662415933,1.0457886669716259,0.1606709910581908
2018-12-19,-5.0,-0.8819305604551424,-1.0100844091259311,1.0286435952663284,0.2348196549905478
2018-12-20,-5.0,-1.3691784793116641,-1.1942463782719,0.9188853173952239,0.3410658878399519
2018-12-21,-3.311676234164196,-1.1903201214171863,-1.4253147648913682,0.9814891537351307,0.3256400820141517
2018-12-24,0.5028495425073329,-1.3001037257079315,-2.163460223921897,0.9345480066882165,0.37307210892638676
2018-12-25,0.667688075338034,-1.6185897813627368,-1.9735739024269054,1.0078831128074353,0.3640690691965436
2018-12-26,-0.10340844154940561,-1.8321109570349865,-1.212242165403008,0.9939253250334612,0.3752904212848476
2018-12-27,-5.0,-1.336379568073703,-1.2126358314126648,1.0495279519735958,0.2272968089147749
2018-12-28,-2.0263107392243374,-1.6320984569410633,-1.3602536830047278,0.9692201233807871,0.3129400691018043
2018-12-31,-0.09153690015001356,-1.9212628780924899,-1.0882982826906573,1.0166356795782672,0.31557300487467344
2019-01-01,-5.0,-1.858919609226457,-1.0034187372142753,0.9730200373219445,0.41451970131688926
2019-01-02,-0.08423292910406396,-1.8770257504059464,-0.8669670996181128,0.9337598773278767,0.528875089726201
2019-01-03,-0.657192763093084,-2.1971495095918665,-1.4456360212523256,0.9585249457769545,0.5899373319935901
2019-01-04,5.0,-2.3087030388079532,0.020687886152687726,0.9507451203103781,0.6868672732803343
2019-01-07,4.55837450774671,-1.8890535523360774,-0.12830065953994443,0.9053015889855747,0.8109016762181567
2019-01-08,0.03857006577986165,-1.809027520609615,0.40687532927193965,0.9021672135965758,0.780069977422527
2019-01-09,0.1574908987542395,-1.7885531617300734,0.43367725958650155,0.89856718499484,0.7735280314742183
2019-01-10,5.0,-1.7978491133759265,0.4798365850699749,0.9959356849258447,0.5551720421680604
2019-01-11,0.3325770015212745,-1.6676374357223553,0.350504664717671,0.9900785656981028,0.6277982368256724
2019-01-14,0.19097991472552264,-1.5447649286209564,0.1330033946912835,0.9745782723190556,0.674445474463659
2019-01-15,0.7512755552315821,-1.3845705323153712,0.7442037717716738,0.9813768429394913,0.5121886988786599
2019-01-16,-0.8330768368435113,-1.1327062634204066,1.0064340402134215,0.9597174169645175,0.44889917921819833
2019-01-17,-0.4356858729635804,-0.7005074489011384,1.1366252238369867,0.9399720943450464,0.45174999829785006
2019-01-18,-0.8971994991911323,-0.693614210040652,1.5917563775316002,0.9419442308512139,0.3170423961903198
2019-01-21,-5.0,-0.439107886306218,1.5037566611702897,0.9644064775079058,0.3382776688927222
2019-01-22,0.20364185369466795,-0.3942388501804969,1.2164854228866557,0.952855251060524,0.29621854251063645
2019-01-23,3.3467630993947948,-0.2229163950965729,1.7004765667623616,0.9573800631579532,0.3952234545299841
2019-01-24,-5.0,-0.39494273409895553,2.0765611334974574,0.9493316142853964,0.410781079199074
2019-01-25,-3.684025657207338,-0.19696657159128061,1.66617800185642,0.9419760558556926,0.488351485826392
2019-01-28,5.0,0.1589805398835107,1.2294241247246611,0.9764041622230506,0.29408406382729174
2019-01-29,0.5583152920577018,0.31474450005522864,1.2017459583573813,0.9769193851082807,0.36648481073545236
2019-01-30,-0.4836545346055055,0.4557068089363943,1.3785068188364575,0.960825951693971,0.35914305734599344
2019-01-31,-5.0,0.6744905453515317,1.4087667856563095,0.9673268949400524,0.3219061940585506
2019-02-01,0.1629719314516723,0.8121307900607803,1.7951489325210574,0.9506314533960422,0.372012508220919
2019-02-04,0.8209119766896458,0.6690908237920488,1.5627897950679857,0.9526377871697199,0.36115544244335396
2019-02-05,-5.0,0.6122145159583398,1.459640153541824,0.9431223359367106,0.2899631485574316
2019-02-06,4.022082285888157,0.41921629935653343,1.2499408938907168,0.9553593044536415,0.2680832131679205
2019-02-07,5.0,0.4628808600171289,1.018060438085792,0.9579450667060154,0.25714119997280915
2019-02-08,-0.34447134690786496,0.3187351451021879,1.1622407101032453,0.8756063095465315,0.662724313369067
2019-02-11,0.42018313564576215,0.34710091590067277,1.250940646879646,0.8708491264578869,0.6912981694170405
2019-02-12,0.29075394087102974,0.4290469091907902,1.3579985008608182,0.8551876253980569,0.7036625927676379
2019-02-13,0.6686522242849378,0.5429391405351494,1.364732233568886,0.8486490913236845,0.7156350230790317
2019-02-14,-5.0,0.3988811791310766,1.2710858234006102,0.8412700379546523,0.7878009633275551
2019-02-15,0.8061826971068697,0.07076696376137993,1.3459737403600984,0.8360863671490234,0.8215957029240669
2019-02-18,-5.0,-0.09026144038843928,1.5361178223477383,0.7542919579523644,1.0515103398176484
2019-02-19,0.3402252292939493,0.21932996634265317,1.448393320150015,0.73930311008573,1.1449930108065198
2019-02-20,5.0,0.22996468104376835,1.6422473856472022,0.7169145454780133,1.1538320531964747
2019-02-21,-5.0,0.12117060696947687,1.4673593518568877,0.7254133517739575,1.216079791850509
2019-02-22,1.295376830140708,0.366917597244285,1.6272530010535406,0.7075968352973001,1.209083174241198
2019-02-25,-5.0,0.37640841243956275,1.2150250092179973,0.7399000481145098,1.0092826916523152
2019-02-26,5.0,0.20737434107655514,1.1655879062901244,0.7448179966811732,1.0254780498758742
2019-02-27,-0.3493696243578547,0.21519686376319533,1.2033583662594878,0.7384614366311651,1.0526152474669523
2019-02-28,5.0,1.338150067187264,0.9319423465631413,0.7322466560318379,1.0697885194378465
2019-03-01,-2.153512190965811,1.7384458440504813,1.055045770573414,0.7268998693897165,1.081957190527022
2019-03-04,2.5000130557514035,1.2075483570375556,0.8270238278658356,0.7460226728160918,1.014319704218931
2019-03-05,-1.1497456385384894,1.213717235973735,0.7458384155432694,0.7027312495936445,1.186360096273554
2019-03-06,-0.06803045465558898,1.1051647916118315,0.5566879454405642,0.6974060700206596,1.2006818794866465
2019-03-07,5.0,0.9692192604148145,0.6050079690740898,0.692431064766566,1.2054505780657208
2019-03-08,2.5307511017622195,0.49700085350420714,0.6486397118969031,0.6915812229325715,1.1965225944290605
2019-03-11,1.3477095451598355,0.4925327757709348,1.0756376564371608,0.689721682940605,1.0238425699008937
2019-03-12,0.2617600576147013,0.46510547799052054,1.1281071317577935,0.6841886858376112,1.084622655545423
2019-03-13,0.21605010800716337,0.0833855640171066,1.023287408422233,0.6769341377599913,1.0881619559912554
2019-03-14,-5.0,0.13670336940054184,0.968543975581154,0.6642303754999919,1.0395162684242738
2019-03-15,0.24278393537135293,0.31050206931188684,1.0994552385719614,0.6509215919117086,1.0397605764593154
2019-03-18,0.24147100857748888,-0.04367053487005315,0.9837987738483269,0.6353962167297657,1.069187300003873
2019-03-19,-5.0,-0.015264116762006666,0.9065850657575275,0.6252597754596971,0.8631547555711995
2019-03-20,1.3200639471334954,0.13088529527978018,0.7908657680610898,0.6214810522709646,0.9106072358759997
2019-03-21,-5.0,-0.6685813167093255,0.9990599648632008,0.636014600035486,0.7931377603956582
2019-03-22,0.5412157829201575,-1.8904310059066696,0.23035983167609694,0.6368276690280669,0.8479280757377067
2019-03-25,-5.0,-2.106793432498495,0.22249602480378486,0.6549006769361307,0.7558884471187182
2019-03-26,5.0,-2.135095082563123,0.5091573837059414,0.6487803287009001,0.8827386877913039
2019-03-27,-0.525235320312959,-2.1259703075313903,0.3947438474100133,0.6222329130680675,0.9192894513970506
2019-03-28,-5.0,-2.2574533873193054,0.6734434132999487,0.6242298739207082,0.9320468980432217
2019-03-29,-0.1624426696698584,-2.264746673495749,0.7671591301394522,0.6149547168841631,0.9145836454527876
2019-04-01,0.07868350956419419,-1.9713346452567686,1.0269658937591915,0.6007016342003345,0.9238613725706397
2019-04-02,1.5160756029647375,-1.736802657404055,0.9885531413630929,0.43645455230488733,1.558276386617243
2019-04-03,0.4669462313118734,-1.578255922130224,1.2665076002606441,0.4187500810624609,1.5368407072109331
2019-04-04,-5.0,-1.2341778854039778,1.1831317845909852,0.4290266883788259,1.4616335557812532
2019-04-05,-0.6440621605736051,-0.6788561630253473,1.356368590320903,0.4057327453548833,1.5543284582081605
2019-04-08,1.4186397512008175,-0.6866114441266565,1.2222525682558611,0.3555779886662692,1.7195633061620306
2019-04-09,-0.061129831912427206,-0.985363089839929,0.854969326309092,0.36207048696634836,1.7051396288538483
2019-04-10,0.15883858008899068,-0.9361007307106496,0.8686462890911879,0.3324727348938864,1.7824019607669928
2019-04-11,5.0,-1.0594157823623516,0.9850897338814496,0.3825934745307077,1.5983861355468778
2019-04-12,4.47417247079229,-0.7546355974294682,0.9595437591083155,0.37774415741379835,1.6203013384430305
2019-04-15,0.4469030322341535,-0.3480500805150321,0.9398951193352518,0.38514932575931815,1.571535133922454
2019-04-16,0.2562248477417027,-0.4330489106275196,0.8948154370191802,0.3511727242668669,1.6336564261572255
2019-04-17,-0.7228952701371745,-0.416842018125208,0.978594097534461,0.35107961805666277,1.6226123532677323
2019-04-18,-5.0,0.14195662976199436,0.7881320584233082,0.34329368938282323,1.65065006214405
2019-04-19,0.40461713228198903,1.211890046238663,0.8181377715960976,0.34032673578993455,1.6676569947381814
2019-04-22,0.3821262108855837,1.5139526927421232,1.0347899329604557,0.32386005080687774,1.728063768213306
2019-04-23,-1.5506841342036908,1.552564036563665,1.2727126828649598,0.28653903444136714,1.8735848847891436
2019-04-24,-5.0,1.5936771079736525,0.9867035235262105,0.3021334348758591,1.7804644244122325
2019-04-25,-5.0,1.2920460115860564,0.8922346021990534,0.3514031531828858,1.5771678966749125
2019-04-26,5.0,1.2339961264530717,0.9562053375277432,0.3404384470035419,1.6228167990995959
2019-04-29,-0.08243053239248446,0.8775926929321256,0.644011646842298,0.35281390346286656,1.567311115057517
2019-04-30,0.895543097246271,0.40227842833435573,0.5807707850734206,0.33539455585140526,1.5966615889502813
2019-05-01,1.3767519687576741,0.2183053805154003,0.2135939693165716,0.3250279075180932,1.2713764429507783
2019-05-02,-5.0,0.3042715658705651,0.3390720247297047,0.3036462281151626,1.289998227509635
2019-05-03,0.4259072066017888,0.3743020872327352,0.7714722382667517,0.25418834959244896,1.4718069490577446
2019-05-06,0.33620869919095975,0.034622178935003994,0.21995687033774064,0.258228101340977,1.4221054250148455
2019-05-07,0.2061093379458146,-0.22220734520547797,-0.5010866686529278,0.2398693894419439,1.3711763929098992
2019-05-08,-1.3077874923094168,-0.32115980056791726,-0.4288573639544684,0.1630895762244256,1.433684608857225
2019-05-09,5.0,-0.48779506045336624,-0.4306077107235024,0.07405913156958262,1.5615588085558558
2019-05-10,-0.5665535524405173,-0.7614408637743726,0.0505842291076808,0.027238248135112046,1.7817355565570456
2019-05-13,0.5334290210445155,-1.2254493978559309,-0.9993106449327411,-0.17638311518927619,2.486579352307272
2019-05-14,0.4983766237267956,-1.598592949530157,-0.39650571819984065,-0.19797683597389967,2.6581298691238526
2019-05-15,-2.0419214730093254,-1.591781250598292,-0.11730929991989938,-0.2230285343936624,2.731787897363258
2019-05-16,-3.3395526899464394,-1.6559322879335525,0.1767061863730917,-0.18088365673469614,2.4911634875480337
2019-05-17,-2.077401689236904,-1.3663694985810833,-0.12384424617374393,-0.10666094697676182,2.2419947171895234
2019-05-20,-5.0,-1.3505517886868397,-0.21897326150331997,-0.1873153175518705,2.5139716064760824
2019-05-21,3.1434484557046627,-1.2522765423765818,-0.04560110569921659,-0.18357719756279606,2.5602969719213955
2019-05-22,5.0,-1.0972496956694207,-0.04450470548100906,-0.14482385534543413,2.3439896411042103
2019-05-23,5.0,-1.472984535843836,-0.4853286053039934,-0.1694594500464817,2.4206469027919386
2019-05-24,-1.5163328173094064,-2.0817802066173035,-0.3069356228497741,-0.18072349531685544,2.556958459004058
2019-05-27,-1.330246148711574,-1.7038036476005627,-0.28085268624339155,-0.27645554576296033,2.903196809707873
2019-05-28,0.4019693484440429,-1.52714109244852,-0.5685569245956523,-0.2644809537448827,2.893107064715549
2019-05-29,5.0,-1.5657051619005662,-0.7583229653904857,-0.2552773833224402,2.807608724670065
2019-05-30,5.0,-1.8242714185171784,-0.4893498989379355,-0.21184164524295906,2.6895112469650786
2019-05-31,2.4877779197698797,-2.86198383167396,-0.8927063415065289,-0.24089795953777998,2.749389520375915
2019-06-03,0.8674697257706478,-3.0553859479449113,-0.911073662060452,-0.19138503795296494,2.497907637001464
2019-06-04,-0.08608068069997205,-3.128834872271913,-0.5340221315908436,-0.12434473901528603,2.253060971174587
2019-06-05,-0.6021071526897899,-2.6419614441303576,-0.3950687559852529,-0.13746374189686153,2.280804439748614
2019-06-06,5.0,-2.5863475801309437,-0.1337828769842637,-0.1355597916712078,2.2081257381716703
2019-06-07,0.6164143538388134,-2.1385104031446915,-0.15284851469383479,-0.16318356841337509,2.2650776455337813
2019-06-10,0.9708852918829872,-1.7690123740150776,0.21213628000006382,-0.1519327282600516,2.1859202276369762
2019-06-11,0.053290450907198195,-1.3564356575330376,0.4788919178533072,-0.14037460898554546,1.6681104539164509
2019-06-12,2.2001653744194276,-1.2846652315935638,0.3277667358209193,-0.16729822636491254,1.6741569527084665
2019-06-13,5.0,-1.3497859787180322,0.35423566535990797,-0.1772168134489911,1.6225042646377414
2019-06-14,0.3878857980926608,-1.6056854263122111,0.32319257293581116,-0.23320272647700754,1.8178914321798503
2019-06-17,0.3181479073548914,-1.5099932327513672,0.599856434827104,-0.3017118972981614,2.2371077497710483
2019-06-18,-0.7155259314807784,-1.540897241781786,0.8133117428930227,-0.27362783419228054,1.9384475887560233
2019-06-19,-5.0,-1.532337607123989,0.764517866304498,-0.294071584540047,2.053909238025079
2019-06-20,-5.0,-1.9077129025481931,0.7351324551061544,-0.3202101735424108,2.225386350244012
2019-06-21,-5.0,-1.5074843480960647,0.8366216384151298,-0.38369938850792945,2.409492261522204
2019-06-24,5.0,-1.4901861064930437,0.7480578730930755,-0.46322142032998065,2.5935384804234975
2019-06-25,5.0,-1.8047216890334636,0.7066935619770783,-0.5318216203000353,2.651500136997226
2019-06-26,5.0,-1.546058709308271,0.7382421988181996,-0.6331434449191173,2.994246076910551
2019-06-27,-5.0,-1.293031274596013,0.7908749896778342,-0.47171699701375447,2.4321069233673445
2019-06-28,-5.0,-0.5311715199322216,0.7952121810491496,-0.5780252308774416,2.758953648119931
2019-07-01,-5.0,-0.010362050401788156,1.054474107563092,-0.40560526759542354,2.096442372652543
2019-07-02,5.0,0.22301557748495215,0.882266968593878,-0.42529931472068866,2.2247203474036636
2019-07-03,5.0,0.018000481991503916,1.0930395433328757,-0.5302967678890377,2.6427744762055654
2019-07-04,-5.0,0.21122447108979056,1.0519159074662205,-0.4591897479240816,2.3178801319277444
2019-07-05,0.24904092421365498,0.13052919046968697,0.8286705782977113,-0.4324772523934496,2.275976633637956
2019-07-08,1.3666080339287452,0.47086355293576077,0.6138161159846055,-0.5438350817813152,2.533348323547824
2019-07-09,-0.24538135189885552,0.39072021545783125,0.5978531548939715,-0.5656544929887696,2.6239663013393195
2019-07-10,0.18567002026946863,0.29308398392198626,0.8665679158271876,-0.5282006170244113,2.5137543941378078
2019-07-11,5.0,0.07504709601930555,0.7023563068989563,-0.4548845390926547,2.227323081113615
2019-07-12,2.2468864600282044,0.1757964093525169,0.5700128297736784,-0.4932435209615889,2.2842201577287846
2019-07-15,-0.0065747968501019115,0.031813274495136025,0.4478969946883265,-0.40191384313649475,1.899926098602594
2019-07-16,-0.4234112812608213,0.13763025188969438,0.4721367328383858,-0.2541774373036722,1.3190275102857507
2019-07-17,4.195001179310894,0.16299362657507752,0.09621522686458113,-0.2761662170826995,1.4159846289694191
2019-07-18,5.0,0.8205893766743653,0.2899367354007299,-0.3742844633677619,1.6554759122746203
2019-07-19,-5.0,0.6944159323111772,0.13297390316430416,-0.3585685723299138,1.5307772107529758
2019-07-22,3.8614289277723,0.7617843035203845,0.18300464440447212,-0.33432639233539113,1.3587797669050743
2019-07-23,0.5399048075095153,1.1970714615743112,0.37777407060959806,-0.28673231953287354,1.113597724921955
2019-07-24,-0.3821503711041546,1.2022839115087463,0.4421595313315349,-0.2756846169770108,0.9434830313097667
2019-07-25,5.0,1.0486412690740132,0.4803978689239006,-0.2852927793147824,0.7836358411927329
2019-07-26,5.0,1.162260241304419,0.3899603677579451,-0.280308068941199,1.0238458524495155
2019-07-29,0.5551410799498043,1.080692832104282,0.2934375722985661,-0.2377610502150267,0.6963790517454624
2019-07-30,-0.47955052571610157,1.1179323029978088,-0.01610091436300183,-0.2456938575936454,0.9496957273273723
2019-07-31,2.3887421739564236,1.1583755246589338,-0.2397195834661784,-0.2961109342556464,1.006470836221236
2019-08-01,0.504317023422561,1.0885256826031067,-0.357941210046509,-0.32572512197712467,0.9280157322575207
2019-08-02,1.8346855809138898,-0.8174379884161403,-0.5416599487781256,-0.336353735078236,1.0275912753302032
2019-08-05,3.3658231932233305,-1.419204016405436,-1.423277757761441,-0.45512525632144857,1.3167903902141769
2019-08-06,0.1756101099294954,-1.6840706249437118,-0.7146619149883627,-0.4228394345789779,1.0018049270844802
2019-08-07,0.42590175740378633,-2.0167420334897646,-0.8596675754952032,-0.46391550235187834,1.0193915754754004
2019-08-08,5.0,-1.6408804173382203,-0.1931650390408959,-0.4646371313754203,0.9252313097792134
2019-08-09,0.9138433243644732,-1.8087450549163084,-0.4897083421155739,-0.45316041311992084,0.9610299784885934
2019-08-12,0.6018656821878351,-1.6248611619467392,-0.9851186226528824,-0.4040045493570478,0.7008095356182609
2019-08-13,-3.0047749233404293,-1.6797561464536994,-0.3885531342708626,-0.3558420314952681,0.6350204532180538
2019-08-14,0.6722487920310326,-1.771246238073829,-1.378509384570208,-0.26703518001188914,0.6580741552615638
2019-08-15,5.0,-1.5964596290831645,-1.1661939917723767,-0.2932796757703072,0.6157371489177774
2019-08-16,-0.6597286223221192,-1.5801853165785769,-0.5943372974518581,-0.2978333667863993,0.46221750050138244
2019-08-19,-5.0,-1.5865365604527022,-0.35168302637295923,-0.3480957636243437,0.6266458341729328
2019-08-20,-1.6047730502045061,-1.4964362869738506,-0.5362535588115913,-0.3301298159803883,0.609661321810491
2019-08-21,-2.4330471776288545,-1.5101709698882413,-0.46775364197317437,-0.2627388817996705,0.4943791313717097
2019-08-22,-5.0,-1.468791644492116,-0.5800228632490941,-0.25948716193669846,0.4270661174905726
2019-08-23,0.7642272699398771,-1.8744547616378988,-1.008105075052576,-0.28706964776925314,0.48203647376554265
2019-08-26,5.0,-1.9628785512087228,-0.6858515214399421,-0.2780209091993965,0.4792969514074163
2019-08-27,5.0,-1.8239774346831337,-0.8904320237487374,-0.25701122947946253,0.5181756058571546
2019-08-28,2.1393965372090085,-1.7302441736258458,-0.6116215699315632,-0.2079778138539205,0.3392313721543016
2019-08-29,-5.0,-1.6090687508631898,-0.382128456363367,-0.17850352234770928,0.20577099333812235
2019-08-30,3.633876017084461,-0.6256893227167027,-0.4532218368474119,-0.1881145214948108,0.20490906402888945
2019-09-02,-5.0,-0.42838980244530817,-0.3772744892077384,-0.2677812946072593,0.3792228751825854
2019-09-03,0.1928028824898613,-0.39263879551413366,-0.2493548962157853,-0.295887052240091,0.2607756729988199
2019-09-04,5.0,-0.06935182870379193,0.08932960955732802,-0.2912356183586192,0.2700537222649386
2019-09-05,-0.4563961832336486,-0.07679202641413074,0.3113033335649684,-0.28821473114926277,0.19547165784355439
2019-09-06,0.5448878152498546,0.29705984734242113,0.1950111443381323,-0.26307863373830587,0.12769337269592307
2019-09-09,0.3876958766319066,0.30324875767131354,0.19463163433678318,-0.25711924214097565,0.10282359946658036
2019-09-10,-1.482225609428377,0.4478669592106221,0.3082853605477024,-0.23249215909508827,0.08689791600375532
2019-09-11,-0.5623773921875292,0.8667634010414533,0.24293627875271767,-0.23820137833012767,0.12327425193825853
2019-09-12,-5.0,0.9777759137777632,0.513717963367311,-0.26432599778583954,0.25765149886654437
2019-09-13,0.34529060191652217,1.1532039494888433,0.5817252592589868,-0.2593065344310316,0.20991448290767598
2019-09-16,0.8796577372067051,1.1651956451745782,0.1926373521101944,-0.2466601476248911,0.1484506624024409
2019-09-17,0.6525786118760587,1.0918630822653037,0.243112075576316,-0.24500041927698857,0.044469945505102616
2019-09-18,0.5683476904096298,1.0799501425379188,0.29185690594846525,-0.23906133352633044,0.0023385514217726857
2019-09-19,-5.0,1.0371912944728823,0.19549450984254116,-0.24369875488888448,0.025303777226388404
2019-09-20,5.0,1.4769572000867133,0.0844380882270766,-0.23167623104799825,-0.04129490529584073
2019-09-23,-2.303622786756073,1.2977535382265184,0.2699276448776618,-0.1710145283644106,-0.27141431514255415
2019-09-24,0.2512910819608459,1.2540904303747693,-0.04921940963825544,-0.02097412532830389,-0.5002663631292383
2019-09-25,5.0,1.2003629255065924,0.038200007386193016,-0.003967242961190039,-0.6504059838853306
2019-09-26,-5.0,1.2520795569216496,-0.16608657090342205,0.038628627664881496,-0.6003540745368464
2019-09-27,-4.113212197004129,1.2794786301659147,-0.21575136004850484,0.004940483985514687,-0.5186562910761245
2019-09-30,-0.005917498956440726,1.2710571447276677,-0.0832742294239579,-0.0003218708267768554,-0.5937675518491935
2019-10-01,-1.3054894084981663,1.2620192096456415,-0.3711023671954782,-0.006181723127372138,-0.6712757151752222
2019-10-02,3.7158490114528187,0.9621917000224354,-0.724402520585387,-0.012318337735508325,-0.6732347325804029
2019-10-03,5.0,0.7079650992955997,-0.6427895441754236,0.0055282509260421876,-0.7846359501376506
2019-10-04,-0.019107598355656376,0.48191782056215565,-0.3574332482105051,0.00781284116336518,-0.7694001157163972
2019-10-07,-1.4494872347543586,0.5073127056812904,-0.4696502575921932,0.0017753330586153914,-0.689089534039526
2019-10-08,-0.16126519671501538,0.49157185451996444,-0.7900624925737425,0.009803171003344342,-0.6435383887622323
2019-10-09,1.5096112756780913,0.32040105823521536,-0.6469245831025118,-0.05169433694721774,-0.552130427784727
2019-10-10,5.0,0.38057372203049666,-0.3918700964094739,-0.047777098525210324,-0.515175224778706
2019-10-11,0.4514771139459679,0.42332683425470197,-0.1620253243630333,0.00168843685124241,-0.5352448731684389
2019-10-14,-1.4115731575084773,0.496264857147413,-0.12260423802923053,-0.0009071741687404479,-0.5270440953637682
2019-10-15,0.08669792480530568,0.5762357443409604,0.06353075912599229,0.03236660165208886,-0.6280491316669079
2019-10-16,1.095143803727399,0.5242366813604415,-0.029866775108768128,0.06299992182846595,-0.6733698639219227
2019-10-17,5.0,0.38344174107954015,0.016213783715610896,0.03992254649538653,-0.6307492420508166
2019-10-18,0.6659848643403083,0.44673189771226907,0.018220110963230868,0.045304555914745095,-0.6238324313805127
2019-10-21,-5.0,0.6659780784373898,0.03865045344543636,-0.006591328528469857,-0.5420017420673333
2019-10-22,1.064339527159327,0.7598957979649295,-0.00026953722782795835,0.020210892502695654,-0.5401446861802032
2019-10-23,-1.1607052902725323,0.7770500117043568,0.030176116115920807,0.13943480706791758,-0.5726646909055915
2019-10-24,-5.0,0.6554529415066425,-0.05937512592619742,0.14191057836282805,-0.5539335038797586
2019-10-25,5.0,0.6584629735711603,0.19159432596046574,-0.10857729983807442,-0.21132603735660035
2019-10-28,0.4067906851912459,0.7938720411275174,0.3539157299172995,-0.22112515957924883,-0.1455388126709751
2019-10-29,0.110549439350566,0.865017246964838,0.43602021172110067,-0.2560218943223245,-0.14048773939703255
2019-10-30,0.06935143429874424,1.112613965692178,0.6624535653973079,-0.2129351333706955,-0.22278919123292323
2019-10-31,5.0,0.9806193764949571,0.3495890994172902,-0.20972427843728847,-0.3478111548875613
2019-11-01,-1.4238914723406513,0.9567217974805161,0.5488121151814241,-0.22093323292677577,-0.35732573633095777
2019-11-04,0.56328735474701,1.0078345206603094,0.5362739567759949,-0.24472422134554717,-0.413313124491136
2019-11-05,-0.5153280332921703,1.0184794989640256,0.7280350625167368,-0.23040399658407615,-0.5397966045204093
2019-11-06,0.8768520261880385,0.9636928386811123,0.5250394184596283,-0.22598383692043236,-0.5378920350331604
2019-11-07,5.0,0.8503171315282055,0.693961470363937,-0.1987004164046563,-0.598843546613726
2019-11-08,0.42615784514364047,0.7216547555294031,0.40035400666721993,-0.0840493454390701,-0.6660306758132412
2019-11-11,0.24561291567176186,0.5863295483581814,0.3384980525551912,-0.052071718867380254,-0.564640938448943
2019-11-12,0.05448051624867373,0.5372430922712768,0.24023618858945756,-0.04050252609073831,-0.6115921774431686
2019-11-13,-0.2629851404490477,0.5001552097134006,0.19257918564035173,-0.018393527383407195,-0.5984512696166978
2019-11-14,2.072402657225897,0.40370079392860736,0.16016904098571938,0.0071528940063242535,-0.6199072962927916
2019-11-15,0.06554112730283208,0.373366721637487,0.4204138609132547,0.06174739574253233,-0.6859306658033484
2019-11-18,1.2938998673346243,0.35928996720330614,0.24062479422987654,0.11775847371730812,-0.6800810154617088
2019-11-19,-5.0,0.2948985861736297,0.2333110012117013,0.15229196529006078,-0.7884246917186444
2019-11-20,0.2376811265590834,0.30391633347670377,0.10831458924278162,0.20780157391510412,-0.8262504787887728
2019-11-21,-2.083776240185364,0.23073687315763441,0.003493870004298187,0.31960446796615083,-0.8384608809206222
2019-11-22,0.25211287170801316,0.26214319004290637,0.034935333514452105,0.4265618300827599,-0.9059742048876154
2019-11-25,5.0,0.2078755126139178,0.03932319662315535,0.48287168556478954,-1.1158201747078107
2019-11-26,0.2982891836518244,0.2413801752822553,0.12055868956236951,0.46791434844503865,-1.1360927757485073
2019-11-27,-1.200206655236723,0.20842135113596844,0.06678047342098839,0.38062175429468986,-1.0344680266755502
2019-11-28,5.0,0.5944408948826253,0.14385265930307878,0.40747756144892533,-1.0523430390660629
2019-11-29,0.08369915338480939,0.6966610569438841,-0.06050638488857342,0.323503394420178,-0.960124565457542
2019-12-02,-0.0415879344598214,0.4542723517253019,-0.46102211157732315,0.46935748277087574,-1.0871586240351774
2019-12-03,0.555979488479675,0.18365307564579866,-0.7592292795918051,0.47869352789552505,-1.0903146119675544
2019-12-04,0.02569615548849822,0.12332106138551041,-0.4518297717991306,0.5063350515141445,-1.0769573374359966
2019-12-05,5.0,0.11573141450973173,-0.5000659160759182,0.4561300488984905,-1.0285828959407204
2019-12-06,0.05028720616135347,0.06285498719543135,-0.1254497147776475,0.43471146171817215,-0.9758224178816772
2019-12-09,-0.5611556248323772,0.07761604923253024,-0.5499004790045419,0.49834287660785853,-0.9761883411479271
2019-12-10,0.6871259484567654,0.12447427881394689,-0.6207729285588928,0.5481955458443553,-1.0351023231582597
2019-12-11,0.1611718637221518,0.20777687228448782,-0.5605831088425706,0.5824962627556479,-1.0351212804076446
2019-12-12,5.0,0.38733327726145195,-0.31760074407216526,0.580129945133689,-1.0218780315966072
2019-12-13,0.08870802311908296,0.5185565804353174,-0.21115092079194278,0.578112041336405,-1.0008955765765046
2019-12-16,0.49238564065600243,0.5039267139278963,-0.03126946136510814,0.709714682492047,-1.0784482637575479
2019-12-17,-0.8476044904142208,0.5433447130934181,-0.1318842642004303,0.8206127954481108,-1.164763840104097
2019-12-18,0.3855510872925516,0.501063285530812,-0.24917440902205806,0.5910217969804347,-0.9952016360454492
2019-12-19,5.0,0.47873569975049174,-0.0866652740574211,0.6201219512575905,-0.9916332521358461
2019-12-20,2.896469372592785,0.41615711702216795,-0.01337190617307327,0.6191207280693904,-0.8164646333293141
2019-12-23,-2.3918276598986243,0.35613461200971686,0.044672247468826,0.5831391600903154,-0.7577636210760164
2019-12-24,3.21980315935712,0.3415918752084665,-0.13972974767649513,0.600286017106239,-0.6638449785271189
2019-12-25,1.9412981566934,0.31933868469632154,-0.15153690783141419,0.6186158424016088,-0.6914000487445537
2019-12-26,-3.5728500846137345,0.26666778227042265,0.016794416142087792,0.6325634036398675,-0.7703264744143435
2019-12-27,0.7243240641399565,0.2013666321929143,-0.24609592964780824,0.6179585855178095,-0.7224743266535968
2019-12-30,1.3029734891201148,-0.0017441543790952779,-0.43233490620771775,0.627444106052246,-0.7476862353049112
2019-12-31,-2.8371944203389274,0.15793681162351766,-0.1889015511700067,0.6679696848723591,-0.7364618202778204
2020-01-01,-4.49110420982493,0.25816245797240644,-0.13519508468329286,0.669806122746455,-0.7334028531805956
2020-01-02,-3.1428640775837073,0.14228143462191972,0.3242410513736129,0.7544321065056395,-0.7606699794249167
2020-01-03,4.362220434087994,-0.06845986574706203,-0.29761884501143154,0.6226204468641435,-0.6725961659396479
2020-01-06,-0.4803361415945479,-0.15553878705766902,-0.1319711589307999,0.4811479126884561,-0.6181013793691097
2020-01-07,0.20125707498102702,-0.17337620142469146,-0.24568496361430636,0.3499194953994225,-0.49065607819611246
2020-01-08,0.9829317652814873,-0.13187362316090318,0.10034798305995463,0.38415352329764935,-0.43789603754758966
2020-01-09,-3.3984700918002133,0.022798418606004442,0.23928143510539213,0.46073896326952607,-0.4841691731551894
2020-01-10,0.19653224031462835,-0.10778893751225276,0.11752141535775062,0.3687344429865949,-0.44656949525759576
2020-01-13,-0.14691259934234227,-0.047170339682523474,0.3134315386440704,0.3917848952659314,-0.44462612170915794
2020-01-14,-0.22678892535253065,-0.01903645924328296,0.26467540982059007,0.16986974850616912,-0.2614087947281265
2020-01-15,0.1361886375458252,-0.037008872216963015,0.06363759883180942,0.1857766059564823,-0.2075991587833727
2020-01-16,4.475548131490711,0.12366087697265968,0.23854578874604554,0.2173659132247154,-0.3243001454714181
2020-01-17,0.11988427067466415,0.12970084554445607,0.32851899609987056,0.15453153001695089,-0.27049297885857626
2020-01-20,-4.574216878043863,0.12889852345940553,0.3062550932818794,0.26038699443534385,-0.29405281597835947
2020-01-21,-0.046054207764439734,0.03011415602018335,-0.005449430538547692,0.23744224466422717,-0.28738782446286215
2020-01-22,1.2652678102939383,-0.03694960577272627,-0.034064052289667635,0.2654071735667718,-0.3689125283487248
2020-01-23,-4.505393471346765,-0.35375817630412626,-0.12989052219468006,0.3674050132377544,-0.46619633458433496
2020-01-24,1.2191346014688225,-0.3861831156229788,-0.6645788610189329,0.35864630098378253,-0.47389150795417445
2020-01-27,4.364289749846334,-0.15407987905489112,-1.7168105535100895,0.21281381443982322,-0.3814001887206185
2020-01-28,-0.03636145395212504,-0.11434289851716897,-0.9258250534808796,0.07078547466371822,-0.334156321556752
2020-01-29,-0.04067011190863986,-0.09758799160925755,-0.8535420636109791,0.08860168571346999,-0.3273769739302193
2020-01-30,-4.377882453581032,-0.23719996087736908,-0.7164356997370814,0.035286457931086916,-0.3164877199531794
2020-01-31,-1.678751618767855,-0.10445138841426986,-1.6879505293336907,0.09352302563998582,-0.31652454088813214
2020-02-03,-0.23485199018257855,-0.20240484865663688,-1.1961829644089104,0.12815888423311186,-0.37142286476995046
2020-02-04,-0.723345594172816,-0.17154841429652784,-0.5160146163003311,0.17290280104873093,-0.42588482750436985
2020-02-05,1.6973832554441217,-0.0785347213708934,-0.23016330527736262,0.03776138096135945,-0.3561373421645248
2020-02-06,4.048398817222469,-0.12993976761804096,-0.15228920892314118,0.004927377899882893,-0.3018348342435941
2020-02-07,1.4646231702565886,-0.16196730818415275,-0.6417127958518901,-0.00529301058824737,-0.27967448543967416
2020-02-10,-0.3599254373671993,-0.25984026934627996,-0.2609661780974482,-0.004995283258893668,-0.30471890329569135
2020-02-11,0.08759663287330983,-0.40368979557942486,-0.32259742716630124,-0.10593885418085704,-0.25392164013902974
2020-02-12,0.21426699670092006,-0.22240620390985502,0.16098690380285702,-0.13489742654334616,-0.2957652660491733
2020-02-13,4.253329842927064,-0.22574479556204027,0.004693334015609344,-0.09438512713935349,-0.28710678999812383
2020-02-14,-0.1321473232533733,-0.27137792398885685,-0.13819965097337414,-0.11864688592081495,-0.25513221964575106
2020-02-17,0.14382552285887013,-0.3103957765049051,-0.24290805789731987,0.08849347086762079,-0.38280218691009105
2020-02-18,-0.08758992455983465,-0.21900325216514416,-0.6193682691300062,-0.04922990363712286,-0.24828333024968677
2020-02-19,-4.401851952173086,-0.22799579483503668,-0.37048994325296236,0.11641655114394524,-0.3232314257426659
2020-02-20,-4.2990397121500665,0.2020228700884148,-0.8116119532616348,0.129145400358406,-0.28773732404168395
2020-02-21,-1.52821232039786,0.16903781725175757,-1.3481048279373646,0.10743133698208074,-0.23802205900722098
2020-02-24,-0.4946911222842859,-0.5194280044160341,-3.5344840750156443,0.13361779541783997,-0.2748495349933296
2020-02-25,1.6925502533421486,-0.7789494248321794,-4.185033879160101,0.24461945544192154,-0.4062129399115801
2020-02-26,0.15247893472724575,-0.8413065076317764,-4.568334585259586,0.435348699112317,-0.592849941803596
2020-02-27,-4.017090178776653,-0.7329825764811957,-5.0,0.4555316128940497,-0.558573591441868
2020-02-28,0.7462481722941954,-2.1338435535828864,-5.0,0.5087316412625218,-0.5991260337220169
2020-03-02,-0.7198715690114973,-2.501014687819572,-4.528791917065966,0.4531770058239451,-0.5122628108876789
2020-03-03,-0.1397016025519801,-2.9573716725393573,-5.0,0.49096614220430285,-0.5153660585926884
2020-03-04,0.6780043146951968,-3.241454849806686,-4.653913897759814,0.5087165194261632,-0.5059962522425667
2020-03-05,3.8383692466219004,-3.454560921028556,-5.0,0.3942424760658645,-0.48010057457711786
2020-03-06,1.558812673951064,-3.8614437565493844,-5.0,0.386792093472661,-0.48494207296704434
2020-03-09,-0.8944460153294082,-4.384824640945949,-5.0,0.888276639874468,-0.7436319009952003
2020-03-10,0.035190265745539295,-4.384824640945949,-5.0,0.897227963708383,-0.746771149676945
2020-03-11,0.7893862279167929,-4.384824640945949,-5.0,0.89928641496704,-0.7647092282038633
2020-03-12,3.634105551730917,-4.384824640945949,-5.0,2.514082867880242,-1.5362135740094482
2020-03-13,-3.763915380992502,-4.384824640945949,-5.0,2.1238572566943934,-1.2828762216956988
2020-03-16,1.9058118734676583,-4.384824640945949,-5.0,2.4964808843914414,-1.4868346342077592
2020-03-17,3.492851690368744,-4.384824640945949,-5.0,2.3546481945321616,-1.313682405876452
2020-03-18,-1.5008354230780006,-4.384824640945949,-5.0,2.3476410232916427,-1.2666664178784337
2020-03-19,3.371026475571196,-4.384824640945949,-5.0,1.7690843416253612,-0.9138419725105936
2020-03-20,-0.31747340451714284,-4.196260828668164,-5.0,1.7674513847295161,-0.8715964730933234
2020-03-23,-3.4009159887379434,-3.870005342006738,-5.0,1.659846986848798,-0.8031646781807279
2020-03-24,-3.479814237196504,-3.6678609625380507,-5.0,1.4937360843405887,-0.6975281864827311
2020-03-25,-3.3863529199410674,-3.436806028922736,-5.0,1.5243607841723241,-0.6702015001955454
2020-03-26,3.3652699741085774,-3.858914076067193,-5.0,1.5073692198106177,-0.6082392611789326
2020-03-27,-3.373526247677071,-3.572828943561698,-5.0,1.6385909347725371,-0.6523182483637049
2020-03-30,-3.4408834420805787,-3.2819549814514852,-5.0,1.669971132354081,-0.6423417863133348
2020-03-31,-3.2994387492410926,-3.053806969179584,-5.0,1.665065042760274,-0.6363648858301231
2020-04-01,-3.395603184827887,-2.8971391525676924,-5.0,1.576669127323717,-0.6085729898946689
2020-04-02,3.157484398925714,-2.3844118692074696,-5.0,1.4813606849706387,-0.6024224588992422
2020-04-03,3.0283552041989252,-1.71218079893557,-5.0,1.5145702168220323,-0.6756209348578716
2020-04-06,3.108583858698621,-0.3358362338413472,-4.142631333182085,1.259268252546795,-0.5200443547339488
2020-04-07,0.8155556892283019,-0.43390133303000866,-4.659196923856112,1.3093186867433908,-0.39179194138631496
2020-04-08,2.9459553918879595,-0.8145785033451552,-3.353711188753536,1.237322872950942,-0.36052633102738085
2020-04-09,2.9568566102980447,-1.0613914094079437,-1.5009762817448973,1.252508077454074,-0.35793833039179207
2020-04-10,2.916926143446773,-1.3015955530954582,-1.3843922604827532,1.4678121893018694,-0.06317862026923472
2020-04-13,-0.1584190247623913,-0.9876237291789655,-3.0983804559183286,1.486148204108228,-0.17268515863123549
2020-04-14,-0.2170610028476149,-1.1356788872728918,-0.43975730372709143,1.4854955504997378,-0.06989904997706303
2020-04-15,-0.9820242657843581,-1.321579983463066,-1.6807211892324474,1.5920535940818676,-0.17181350448566401
2020-04-16,2.8726216853289097,-1.4829827090362493,-0.71566218575584,1.3514861883420393,0.0040996360785556804
2020-04-17,0.2502104401629216,-1.4938661793929686,-0.220517064034541,1.3641310793314938,-0.17224889256685663
2020-04-20,-0.18231533414913542,-1.379129554837216,-0.4625438642567633,1.4842076259225305,-0.2742802197940529
2020-04-21,-3.0429420316156692,-1.2235187068694144,-0.42418285830179203,1.4848801459887506,-0.3163534897555853
2020-04-22,2.9762743700802434,-1.2142131788829646,-1.0929971873066306,1.365205049782138,-0.307897162126835
2020-04-23,2.9576312174610258,-0.5383810533675734,-1.2701242619705768,1.2131600223371304,-0.2266156672355537
2020-04-24,1.682981593677593,-0.14186104174089012,-1.9586999655076816,1.1420160595742008,-0.20932589723692038
2020-04-27,-0.019091375889121215,-0.12158967647546928,-1.0680171688683469,1.0318403390191668,-0.07112929885261285
2020-04-28,-2.780536273635116,-0.04509146951256979,-1.813526904911221,1.026336568226145,-0.0657100195815395
2020-04-29,1.693346426239554,-0.0006908554750976291,-0.9231651779797801,0.6167297994943112,0.25267157419611647
2020-04-30,-1.2944913266177442,-0.026660593994111883,-0.3212852467972121,0.6752595929761994,0.19198469937080184
2020-05-01,-0.13385299947647364,-0.12159604297762533,-1.2880217798169795,0.5987716099785164,0.2364107422817784
2020-05-04,0.21666300396622132,-0.15383908125755827,-0.8574449047400571,0.5942002389978371,0.2551010757566524
2020-05-05,-0.7281385812317083,-0.25394874771466636,-1.752507504530502,0.5595137962367402,0.1829551790354434
2020-05-06,0.3881462704776258,-0.32814955665885975,-1.7701629721123093,0.4569174074053543,0.27142441660953825
2020-05-07,-2.6026882186789133,-0.23554815677827015,-1.8904050605123488,0.210138668569781,0.4187935602143871
2020-05-08,0.033738451011966146,-0.22152918563177307,-1.115674185837091,0.23585400610004265,0.3785287143848419
2020-05-11,-0.023256403920024246,0.09764353070996766,-1.1674136747477248,0.6954902277884591,0.1273563264383053
2020-05-12,0.06691776000504562,0.1311259198175769,-2.7580885175593597,0.6112379817810251,0.22375161131722
2020-05-13,-0.1956333579503913,-0.04366705935604632,-2.640694647139154,0.4260168113082515,0.35919826681487244
2020-05-14,2.743783521424288,-0.03999461649635083,-2.470236455849619,0.2531630797727891,0.5916091490335771
2020-05-15,2.2140725946643007,0.0524387573340212,-2.6649549719960763,0.40849103220924743,0.3729637763399903
2020-05-18,-0.17099539396373073,0.0023710366390376414,-1.2071904855906657,0.27046798468891936,0.5569179735188445
2020-05-19,0.07073417527858063,0.12530839235390018,-1.2578254116675358,0.27188536534630925,0.6154172596605598
2020-05-20,0.06888095607892442,-0.08036223664026215,-0.9174832820798737,0.35341134927175105,0.5492943982471511
2020-05-21,2.750686897482785,-0.0171545779810303,-1.260221315439736,0.5226987703574478,0.3656333232946618
2020-05-22,1.4099650635244214,0.004951645854438279,-1.4469239116221684,0.48453155071929643,0.37554119651085227
2020-05-25,-0.04689607800141809,0.08159161599238621,-1.3035482291044862,0.606154827565664,0.3064255045955829
2020-05-26,0.00846942712566873,0.2506002194728027,-1.2112711753590828,0.6314491066607344,0.27629971378120294
2020-05-27,-0.058137370832485984,0.43604898233054146,-1.0493831226513988,0.491929809168747,0.40082372864502763
2020-05-28,-2.6032288247829243,0.3163886499300917,-1.428893564169394,0.3612165006589583,0.3229781803679738
2020-05-29,0.6035732760481409,0.37985730425125475,-1.049371186982032,0.38805004556083095,0.31767835415804047
2020-06-01,-0.20645038286067705,0.25008360239424154,-0.46041407818618935,0.12632909862777225,0.5013704203577802
2020-06-02,0.2036120212804072,0.5232714341039557,-0.1465295632549853,0.3547636811118572,0.2762279598128379
2020-06-03,-0.34002094179960796,0.8775357594230735,-0.055900305601316924,0.29687785315066745,0.3069719320265844
2020-06-04,-2.63788866786787,0.8755531965038287,-0.05636060108548378,0.23805953968112875,0.463539122277371
2020-06-05,-0.015067929091041769,1.0680903508927326,0.5396852798412712,0.28778641405875816,0.32728412775117016
2020-06-08,-0.0405234200874153,0.08089885716687897,0.09472092396942958,0.25785346205542364,0.3787186304954248
2020-06-09,-0.04591472572461521,-0.20341499623395878,-0.17678197910558133,0.2454195454937062,1.1081066262328243
2020-06-10,-0.2615153792692486,-0.24786137975199407,0.16966095085386365,0.21258037093948656,1.0052178450557154
2020-06-11,-2.9771908795317823,-0.6700871957552053,-1.798904222737352,0.4276617675202044,0.8097384276855117
2020-06-12,-0.11693395982124484,-0.5264330998929239,-1.7480272698572088,0.36013901301821577,0.7532568241781614
2020-06-15,0.022628158344998144,-0.5427876797319471,-1.5303472402866454,0.3892487569555302,0.8093204596658101
2020-06-16,-0.0068486598960157226,-0.7460544730588519,-1.559345724712193,0.3528145040878588,0.5918306500111166
2020-06-17,-0.8407538634829601,-0.5061319400673515,-1.3419610056649613,0.36928721084789884,0.5799990599468025
2020-06-18,-3.046928194460411,-0.8456264038029129,-1.4673676475190827,0.395872304230049,0.5625154295278031
2020-06-19,-0.021649118105294046,-0.7191794082426219,-1.7212317357806937,0.4501511217843406,0.5506689266270288
2020-06-22,0.006344880345073632,-0.7144643623944836,-1.2023077422417472,0.2956408811913268,0.6707794248884674
2020-06-23,0.001168673590266504,-0.920851184426407,-1.2483490356310216,0.2909679603748869,0.7141797719371512
2020-06-24,-0.060050787108870754,-0.859289450533798,-1.9297890692800705,0.42261042559503026,0.6641367560193278
2020-06-25,-3.1291585783324583,-0.6863715900208368,-1.5849448432718,0.4448497158676551,0.5877886797236446
2020-06-26,-0.03263465407476824,-0.7110984371446131,-2.367381910564891,0.4811288662385308,0.5030731637108806
2020-06-29,-0.0647696258909893,-0.47041791817560347,-1.7412680247769512,0.4711988511007382,0.4730717191295738
2020-06-30,-0.0029449850636870164,-0.6034801403903141,-1.412060428826747,0.5090363100699067,0.25459213101638345
2020-07-01,-0.13382343319308249,-0.8374062261843233,-1.2462944922287666,0.4740387392101671,0.39457921427487913
2020-07-02,-3.0912597607728554,-0.8638977061065602,-1.0524755287516745,0.5320068717186851,0.2501227050244633
2020-07-03,0.0020830883270971023,-0.9916240731094471,-1.0176291175530825,0.5457816304475096,0.24472570545355102
2020-07-06,0.03855106697961097,-0.3240720766835329,-1.0923225636307563,0.3999382780008626,0.3483631693538953
2020-07-07,-0.014550927795095338,0.12283776651585934,-1.50178695924636,0.4639695522684004,0.2938615948735078
2020-07-08,0.004746441821121037,0.2966468118234289,-1.0679102410081678,0.3811671379390206,0.39381523117450945
2020-07-09,-3.294899430814807,0.6273696876408438,-1.0702584884791966,0.46391841219567836,0.328934142765533
2020-07-10,0.014321882264825026,0.243111770528393,0.048548772101131565,0.46658104346021545,0.4477791765423076
2020-07-13,0.01437882705525772,0.3470206044465342,-0.6758751689662831,0.49670187617772915,0.4219460240826298
2020-07-14,-0.00823087869847058,0.3356795617630126,-0.41288944563627433,0.4951973846189143,0.370181720053674
2020-07-15,0.028410449078701012,0.16759809745032003,-0.34463214135202136,0.5334720635274462,0.33185909751126963
2020-07-16,3.3670284595067823,0.5703053358222548,-0.22876623182528313,0.5748162755810897,0.3662497949044467
2020-07-17,-0.007882795066725125,0.5539260586757746,-0.05240595923198366,0.566219795259327,0.4188370041814013
2020-07-20,0.010834700291456001,0.6004453533998653,0.32627355927140106,0.5711216661514819,0.4117497256739932
2020-07-21,0.04867067234661538,0.620107764878527,0.22995275579276725,0.44426128198236886,0.3335343191622833
2020-07-22,0.025986313850915838,0.589191509030483,0.2774733045643274,0.3632341615052121,0.3542105280360546
2020-07-23,-3.5339768171172947,0.24549429414254686,0.44569412038991274,0.34106657554454944,0.41977269689690033
2020-07-24,0.0017198011958156976,-0.5295316097676537,0.11989927353838385,0.37517590605573375,0.4036629239900357
2020-07-27,0.058735190185060314,-0.9795357517695064,0.7817790036750442,-0.39266738429646936,0.8970740596897478
2020-07-28,0.011067690980870277,-1.0765466741844452,0.7623927282910268,-0.3492780409167827,0.8801028541508994
2020-07-29,0.014140541984013629,-0.9616110792586556,0.7250340509898342,-0.4439676664648717,0.9311430785884345
2020-07-30,-3.6149345375685744,-1.0517108529880022,0.6753107270103339,-0.4460090735580652,0.8608943505787509
2020-07-31,-0.05662437858266496,-0.9467866448914652,0.5874844070006622,-0.5514289363118854,0.9374523653567416
2020-08-03,0.010216945153762489,-0.8207898259610049,0.6351540254884398,-0.49362488190380927,0.8686788608709425
2020-08-04,0.051189165985454685,-0.9522794203410724,0.6113222014829175,-0.469295628688737,0.6817179175274478
2020-08-05,0.07218838371273556,-1.1252963012538506,0.8252207942434947,-0.7431280377799745,0.8891753366782539
2020-08-06,3.683404412394482,-1.0398903545738298,1.0622399687476594,-0.752787910690558,1.0197702949252103
2020-08-07,-0.052812052315690736,-0.6551759685521599,0.8858951941256936,-0.6564529169068878,0.9646453134241713
2020-08-10,-0.008722428265377894,-0.7843575750091331,1.2609975349639135,-0.7745605946864876,0.9809102981005478
2020-08-11,0.0005572460491963741,-0.6009752558503685,0.9768613559636333,-0.5298576079202254,0.8098570681588385
2020-08-12,-0.0008127377158880906,-0.225098857659838,0.9149494690246285,-0.6184947712767578,0.8707703490203863
2020-08-13,3.9828985306224,-0.32912668414287377,0.7581372617067667,-0.7155028780774952,0.922856830587555
2020-08-14,-0.007534449540935122,-0.6294371513837912,1.075719473737757,-0.7004849756200556,0.9172691206118369
2020-08-17,0.04893561172221071,-1.0750918772357327,0.987901264737336,-0.922095087983537,1.0622254312750607
2020-08-18,-0.019773860560969827,-1.2794486139146624,1.1178492082992717,-0.7839578367558372,1.0190329005502663
2020-08-19,0.007595457381063141,-1.2302855613777208,0.9128371180624391,-0.6627520188965439,0.9095094193278893
2020-08-20,4.395530763879359,-0.9519894313181161,0.9026645680137981,-0.7165749232537935,0.9916516460821956
2020-08-21,-0.05603201623953674,-0.04785532618114511,1.0787399611125112,-0.5632644050766046,0.8873124620051924
2020-08-24,0.06226416340502946,0.49079332509856566,1.1585336983643553,-0.6379976519187937,0.9143848429888607
2020-08-25,-0.007777694011301986,0.7757888998286917,1.2785046870090995,-0.4149850378069293,0.48743678304337673
2020-08-26,-0.012360857232199008,0.5930181217092092,1.078609390443613,-0.47604727163282845,0.5520609283309308
2020-08-27,0.2665257222512715,0.8104544619607755,1.1000515915124727,-0.37893669881094977,0.38996239978735664
2020-08-28,0.035007284207572834,-0.5357223087967952,1.1010931428839257,-0.491747027509697,0.5008850878275697
2020-08-31,-0.02072455628770998,-0.5287434355717254,0.7901033974826751,-0.5402819783063016,0.49514053813348696
2020-09-01,-0.024787854532055537,-0.24666130733824837,0.7904905411923374,-0.6818343370432319,0.6971162227467465
2020-09-02,-0.08662864280966112,0.15320428813008843,1.0675859958444556,-0.37516750346609573,0.5451024455230253
2020-09-03,5.0,0.12942031341357105,-0.18992980168269902,0.3149136087079661,0.049878503245979186
2020-09-04,-0.027994821076678028,0.01767816160882035,-0.4275852207457758,0.15614104982561797,0.5442183955016784
2020-09-07,-0.04305016593934664,0.0342355902842621,-0.5089885028514975,0.2572810452355594,0.41381304420517384
2020-09-08,-0.08828188842265629,-0.5257126118733924,-0.9839027306805801,0.40579662832721686,0.4509679813164761
2020-09-09,-0.00658824628930469,-0.5715099611112799,-0.3230742546547453,0.3394021838929195,0.497192282747065
2020-09-10,5.0,-0.6018097420936578,-0.8586871622530033,0.262633632753445,0.49073863736650186
2020-09-11,-0.08338418760798975,-0.26591563008235924,-0.4197656749624303,0.23923191294438143,0.3090258037197099
2020-09-14,-0.0020951309436399905,-0.16701097152158811,-0.2550083107332999,0.08526843379292343,0.4053693007920921
2020-09-15,-0.058919587727911955,0.2724371778181401,-0.10189330093907795,0.015558836143002396,0.34533558063946984
2020-09-16,-0.03719094839127925,-0.4146331694670442,-0.2688384985605153,-0.08228500014902955,0.4021038498657919
2020-09-17,5.0,-0.5909698999272732,-0.2269904830740431,-0.0580384777217909,0.382328490602714
2020-09-18,-0.006402107609590073,-0.8951368389872643,-0.37717059741615583,-0.04820912841898435,0.3514128149075481
2020-09-21,-0.19614400035541255,-0.8245283009486603,-0.7597516612427297,0.2646171993067786,0.28271117741761875
2020-09-22,-0.11656964805283639,-0.7741971702046808,-0.7296723427089109,0.2182281824629647,0.29013474878439316
2020-09-23,-0.10002651590030355,-0.4664739916348461,-1.194930647879231,0.40568512422241554,0.2546322364071665
2020-09-24,-5.0,-0.5590918761644775,-1.3661129828476473,0.0805168634113285,0.3972298542607311
2020-09-25,-0.09913397113824804,1.0843893527383917,-0.8445408770164401,0.09689632082260557,0.3761529520920751
2020-09-28,-0.01812704763931563,0.8067511213645552,-0.7515992446458523,0.0832694195784043,0.3394680455379253
2020-09-29,-0.04422775105292897,0.8824785148382482,-0.7702292851709414,0.0004782529146080461,0.308697699849352
2020-09-30,-1.2819131011544393,0.6504029861651309,-0.6019599277126353,0.04153154413372768,0.25154937962771484
2020-10-01,-5.0,0.6640023346472814,-1.0136595724025774,0.14459100841363326,0.21003261069126528
2020-10-02,0.7429009178735594,0.4912334962448542,-0.4385350375123088,0.17541270327312145,0.4286616684497013
2020-10-05,0.01401601697908833,0.5718489188650411,-0.29962813275860695,0.06279980955796663,0.4796179728969656
2020-10-06,-0.07326570033296224,0.9399923107279717,-0.12882975131793797,0.18113407912496202,0.43066990422304835
2020-10-07,-0.09255905825264715,0.9673474258748681,-0.011605691048877534,0.14373417998523713,0.5039390016385983
2020-10-08,0.6372558424459976,1.0835433603644007,0.3516967544450956,-0.00033098633070828727,0.6068893192412937
2020-10-09,-0.20224553495872363,0.7354623827821424,0.550683395826331,-0.07993154147105293,0.5501531148450712
2020-10-12,0.197538912045047,1.4643358025002118,0.6170915038357039,-0.33384952255927713,0.741610223636517
2020-10-13,-0.327505946514385,1.434193498670513,0.5239020687698435,-0.24590879776017383,0.660236947504439
2020-10-14,-0.2305314306958253,1.5859490993580148,0.3888596067380388,-0.24202898433914477,0.6245902789914642
2020-10-15,5.0,1.8442090637715196,0.5157061459910675,-0.2747514797166782,0.5776137260659492
2020-10-16,-0.21077016542633933,2.294564134558826,0.540595397379237,-0.16443186180498667,0.4325335189065665
2020-10-19,-0.20952962004353753,2.0986417467539558,0.4127731844788681,-0.37952680989882287,0.5549328294480537
2020-10-20,-0.24996633064211946,2.0916815549396266,0.4064501740470082,-0.47381170381295773,0.6744768165547337
2020-10-21,-0.22599245045611122,0.3236418312789718,0.7462918113444647,-0.9590840540766884,0.9949021374386418
2020-10-22,-5.0,0.3994672172803962,0.9305776069875051,-1.0191691845573356,0.7484111743494626
2020-10-23,-0.26725222505719515,0.2861073998773822,0.8040380804851386,-0.9790825960798143,0.614013590927528
2020-10-26,-0.33241668076979786,0.6048602049237132,0.060185079899197455,-1.0204787521598944,0.6117380480123591
2020-10-27,-0.2524272853484533,-0.13502952027916268,-0.07536730262899645,-1.294476196674183,0.7791151302064907
2020-10-28,-0.4265545388431829,0.002187952630169175,-0.8796514953598278,-1.0893108058157037,0.567217860162501
2020-10-29,5.0,0.16999775885884877,-0.5963062054901538,-1.152579302793378,0.6054010365082022
2020-10-30,-0.2799312441641786,0.15802812786506218,-0.5311193579005473,-1.1919636296263603,0.6022177532446498
2020-11-02,-0.2898405123244854,0.0991170276371116,-0.5252678759544778,-1.1598642247701558,0.5356024791789645
2020-11-03,-0.16422294934195195,-0.11043301431610658,-0.09067157338660237,-1.3279726504561802,0.7387386847442919
2020-11-04,-0.24847824361292364,-0.326747505293324,0.3546572594805497,-1.3988315680455305,0.8213796501998445
2020-11-05,5.0,-1.5276851786580705,0.4613756281223707,-2.009535756605105,1.1497593647584923
2020-11-06,-0.22212119350591078,-1.4587488679181326,0.811125401069742,-1.9930824602481925,1.0828841453751368
2020-11-09,-0.35009326083296266,-2.0287595620327514,0.8118901101540705,-1.8742022084570726,0.9810908629381743
2020-11-10,-0.3299610210067773,-1.970308767451976,0.702840074638723,-1.8454491891822207,0.7963749073429365
2020-11-11,-0.35503612932573747,-1.299325514095746,0.9135741820816942,-1.9961910091375037,0.9377442406405511
2020-11-12,5.0,-1.5704237546291169,0.7274402866241854,-2.206664447366995,1.0497720384085445
2020-11-13,-0.3763748024947844,-2.1891391920098235,1.0130942442236486,-2.2090651268725643,1.115912856867932
2020-11-16,-0.32416430233486687,-2.246351760667225,1.3580237822085697,-2.333129879075971,1.264516492582823
2020-11-17,-0.4001053256697153,-2.6506847853652586,1.14811920202957,-2.6691758647373147,1.440694497920326
2020-11-18,-0.3203922262137746,-1.9157404574430408,1.0702665954915502,-2.71091927688003,1.4849606631403929
2020-11-19,5.0,-2.039725852164651,1.1081686383267924,-2.7038188190913353,1.2357597859302991
2020-11-20,-5.0,-1.9221996206008187,0.93036853693669,-2.9684584751409964,1.4114113341199443
2020-11-23,4.689891701842183,-1.7397038006453034,1.228353510670383,-2.8252484892743595,1.3330570954542582
2020-11-24,-1.4564519453294218,-1.0946846998854605,1.4935612279908863,-3.047629004516661,1.43802949774689
2020-11-25,0.8538969366359647,-1.1428113807163256,1.8080591627792166,-2.897313060015675,1.2727101282921522
2020-11-26,5.0,-1.278883855840606,1.7596227823532997,-2.311151168506311,0.867532603902832
2020-11-27,-0.3556048898622829,-1.0995940535449358,1.6995096094308175,-2.283721710230428,0.7620777616680302
2020-11-30,-0.38034399032386035,-1.1970242096825925,1.7075155245167937,-3.131653801142542,1.4780092227148536
2020-12-01,-0.3040690037745177,-0.9631402575895877,1.6918775627809377,-2.8401556270410935,1.4317681868555276
2020-12-02,-0.3326889093399841,-0.7751895845565774,1.475952102689489,-2.955593698206504,1.4093262396915514
2020-12-03,-5.0,-0.7246496483996311,1.2322911854978877,-3.014845315126304,1.4417080590315863
2020-12-04,-0.34974393481201765,-0.14461147877946573,1.1713248850913436,-2.7450610821649635,1.1306157152978527
2020-12-07,-0.4228578587650845,0.20059536703436967,1.0787469249726742,-2.8771006177081455,1.2095524729404479
2020-12-08,-0.41750771332004577,0.3731127344422739,1.0355382126914638,-2.562522711567005,0.9874305855693152
2020-12-09,-0.4553876668929761,0.3833843598819953,0.9123642334141875,-2.625949740001919,1.0181030378168072
2020-12-10,5.0,0.6541428981533247,0.8660149777541531,-2.5094786037316985,0.832064573601337
2020-12-11,-0.44836405798121487,0.8350703436750012,0.7745670183146975,-2.424300094385915,0.6771649391290352
2020-12-14,-0.4345814619322909,0.8857206209431445,0.6690103612495831,-2.8035038374904304,0.9471292784805699
2020-12-15,-0.801939299964537,0.8346684456693791,0.6812244813943751,-2.8459196815156855,0.8936920245320075
2020-12-16,0.06814841437647244,1.227161490902704,0.7850561472814158,-3.427402298898899,1.2187951824666368
2020-12-17,5.0,0.7765671279923428,0.9185719017161684,-3.845652067912801,1.6258498748881438
2020-12-18,-0.49950637227158096,0.8706359962581681,0.9003869794957896,-3.915993775939773,1.67208031149896
2020-12-21,-0.6497591424466583,0.8053278660973625,0.7034199357099183,-3.7862467261721053,1.5414073164827786
2020-12-22,-2.7444627348883017,0.7940687917514208,0.6504608232172757,-4.033375441307856,1.657335728261374
2020-12-23,-0.251098388981474,0.9004269353833938,0.6273438212819444,-3.8626963917330315,1.4645546562144591
2020-12-24,-5.0,0.8559457179852452,0.6690706064563309,-3.983377106726611,1.5668221544215042
2020-12-25,4.43022382522321,0.8483037427822682,0.7252912315181472,-4.21405842257291,1.8866961992278355
2020-12-28,-0.48385969518232247,1.0361445873852286,0.762839042829704,-4.780067802414872,2.3013555817504203
2020-12-29,-5.0,0.6894884746877618,0.6974318023310073,-4.8328934686813785,2.0462364932038795
2020-12-30,3.3074340808426927,0.38871987064249885,0.6185538220941822,-5.0,2.3615201584723087
2020-12-31,-5.0,1.2241590625840202,0.674961162345901,-5.0,2.245708004924317
2021-01-01,-5.0,1.1143279808199817,0.6810051064589526,-5.0,2.2698291571981244
2021-01-04,-0.42449308769067157,1.2148112079459905,0.3678348125039288,-5.0,2.6347915768286363
2021-01-05,5.0,0.6389735447103817,0.4838020858295087,-5.0,2.7559783435569796
2021-01-06,-0.4512668876305021,0.7579629015588719,0.5810828774289987,-5.0,3.127465612711958
2021-01-07,-5.0,0.8676048743225591,0.6978983174391394,-5.0,3.2943336792365865
2021-01-08,-0.43861159921412174,1.321612505944738,0.8890683626392061,-5.0,3.454216711225142
2021-01-11,-0.6207118600060121,1.431685724910521,0.5599260701787878,-5.0,2.874142258247648
2021-01-12,-0.4056739873998522,1.6063903918691214,0.6835622046360921,-5.0,2.5238178888473817
2021-01-13,-0.4329779748082595,1.5794203560556972,0.6959147853838572,-5.0,2.8412431295728457
2021-01-14,5.0,1.7161414168537477,0.5792106126008256,-5.0,2.7578540105475686
2021-01-15,-4.21473090276742,1.7084539082799544,0.4274988423147021,-5.0,2.3453339553137957
2021-01-18,3.168253730458045,1.5450030501075374,0.3950741645387484,-5.0,2.1603532364971594
2021-01-19,-0.4783766492552615,1.4742116272816084,0.4610139155201746,-5.0,1.9458517883872275
2021-01-20,-0.5392994952241708,1.559115746950963,0.6098850622194015,-5.0,1.8144494077148676
2021-01-21,5.0,1.2901272472782357,0.6667892002590468,-4.561716420329019,1.2573102736752575
2021-01-22,3.813121952555304,1.3694816825518068,0.4518170648723011,-4.906022929666446,1.404247461817532
2021-01-25,5.0,1.2321922783563781,0.5964453038174601,-4.742086588323531,1.2542971985957443
2021-01-26,-5.0,1.4299807803517541,0.5338264788242525,-4.710690171117705,1.078999882394472
2021-01-27,3.536504558714259,1.664203207138864,-0.22323391979710053,-4.291682852543201,0.7924745122949126
2021-01-28,-5.0,1.8421549524828174,0.05813801170847753,-4.761100342099565,1.0032123179869827
2021-01-29,-5.0,1.9485014674901135,-0.13410520433516998,-4.839782460978307,1.0324764988343533
2021-02-01,-5.0,2.0482255495714017,0.03549278923447758,-4.635094308697174,0.8957514426355024
2021-02-02,5.0,2.5903313228552345,0.46778177792836195,-4.825204767753083,0.7984661414180617
2021-02-03,-0.4260663835635482,2.271448681134031,0.5154802598485867,-4.94323577884765,0.8975255037226694
2021-02-04,5.0,2.2107813782590653,0.622852716895769,-4.767018886543465,0.7109808623240338
2021-02-05,-2.272410382985641,2.147198507168234,0.5364238298068191,-4.8704077954819525,0.6910590549884467
2021-02-08,2.581201183762312,1.7325165751117972,0.517850174077841,-5.0,1.2138729878992993
2021-02-09,-0.34119407082071757,1.3006668239163668,0.6204518314475155,-5.0,1.333233451000217
2021-02-10,-0.42417494965370794,1.3896217939230773,0.5783656429646931,-5.0,1.2627461458945897
2021-02-11,5.0,1.5690766884822571,0.5916113862993356,-5.0,1.2921128128079151
2021-02-12,-1.2307704200792893,1.5178866429899234,0.6832575315505062,-5.0,1.1105825373380414
2021-02-15,0.3398208066748596,1.573989340706758,0.655041267693758,-5.0,1.2135952174608935
2021-02-16,-0.565332312386247,1.65255906384765,0.698155051499126,-5.0,1.276570718653632
2021-02-17,-0.6082986933937272,1.6340069040893004,0.5792219379043524,-5.0,1.4339899218113275
2021-02-18,5.0,1.7026299230453068,0.38805728078900387,-5.0,1.4065622713633696
2021-02-19,0.16294566912052222,1.5232183329814577,0.44388284753561413,-5.0,1.806580903483776
2021-02-22,-0.6263318951965164,1.1209063560832424,0.24158246144444365,-5.0,1.5865215485009319
2021-02-23,-5.0,1.2200512319925747,0.23922339865366699,-4.793148414523725,1.3383013180411436
2021-02-24,5.0,1.2818374856455765,0.37369627781183334,-4.843892830434045,1.3325431320807803
2021-02-25,5.0,1.295847969651644,0.027453803563567372,-4.612061847874775,1.1149735865215724
2021-02-26,-5.0,1.4226770862698668,-0.21629728317119823,-4.523227859905585,1.03010953226819
2021-03-01,-5.0,1.237769318542866,0.3420163345595644,-4.74745407799004,1.1508713675206743
2021-03-02,5.0,1.161321092997673,0.2566943353244847,-4.599086374465065,1.0905079083682545
2021-03-03,-0.6546039268416188,1.2384349478779837,-0.17915013863950927,-4.741245694068478,1.189273221987565
2021-03-04,5.0,1.292374121355217,-0.43191988336196857,-4.5618446769975805,0.9443215547713599
2021-03-05,-5.0,1.483922252859475,-0.07585677574754059,-4.567267665535919,1.0165558470032996
2021-03-08,5.0,1.9079147632012985,-0.20402081623276128,-4.801027213113999,1.1456497091242694
2021-03-09,5.0,2.1489746119945727,-0.23392299629863436,-4.9654375325557645,0.9997148968677798
2021-03-10,-0.11202027680984655,2.049801593147967,-0.045502728769625245,-5.0,1.0462237112116355
2021-03-11,5.0,1.87763822745736,0.14590733563479466,-5.0,1.1049592040650238
2021-03-12,-5.0,1.9031487452040587,0.10182461518793343,-5.0,0.9635732499861697
2021-03-15,5.0,2.0012338050447913,0.10466326322550078,-4.919089704569124,0.7865087657392439
2021-03-16,5.0,1.6767887464306546,0.0014086972505120434,-4.96877971744422,0.7717968537649973
2021-03-17,-5.0,1.7697693607288483,0.1262727250330292,-5.0,0.8099517059937725
2021-03-18,5.0,1.6794928089461587,-0.13200679268992063,-5.0,0.6755247957852913
2021-03-19,-5.0,1.7163958058060398,-0.099045293814969,-5.0,0.6278348049732592
2021-03-22,5.0,1.9764657437947526,0.13970588734462072,-4.720478828290404,0.30657727373453586
2021-03-23,-5.0,1.8289231258873104,-0.08037500283444017,-4.71163817828322,0.33296999113846937
2021-03-24,5.0,1.6717033118471143,-0.3083891507037681,-4.542843388062533,0.3133333885793752
2021-03-25,5.0,1.6023090741018504,0.006163603825648386,-4.439109371392067,0.1101286957216926
2021-03-26,5.0,1.468232154083889,0.34639366344313405,-4.661293652475712,0.38832397462017515
2021-03-29,-5.0,1.5783838154226018,0.03667806926034579,-4.801804499910937,0.5006225239145452
2021-03-30,-5.0,1.714076901880053,0.12399440801330293,-4.849832744369784,0.4228912058262891
2021-03-31,-5.0,1.8241300046543036,0.2801753765248134,-4.822182300046381,0.44147279707542436
2021-04-01,-5.0,1.576830511277002,0.6538723482805621,-4.818851058987498,0.2773632656159148
2021-04-02,5.0,1.4247250815972068,0.6767298388243507,-4.808613569832845,0.2718269804774136
2021-04-05,-0.4393551496236484,0.8621780245010859,0.669139978997092,-4.747766386378392,0.13967260854471936
2021-04-06,5.0,0.7485438461472772,0.5758444721338543,-4.673654941109365,-0.11662970832104932
2021-04-07,-5.0,0.6514048721601806,0.44832372233831835,-4.512696065819085,-0.346987954610005
2021-04-08,5.0,0.47363980238166487,0.4782603014657951,-4.645181756910585,-0.12483778031766171
2021-04-09,5.0,0.46726629270142866,0.4203773140792908,-4.614209691126565,-0.1400983218211411
2021-04-12,-5.0,0.3028170841617775,0.43949386830370235,-4.696351745943644,-0.1204693287389961
2021-04-13,5.0,0.2274956763149996,0.3793237008553471,-4.9056276693335334,0.032622222696956714
2021-04-14,-5.0,-0.06681418078318316,0.43490292195383345,-4.862035780428492,0.030902566385012632
2021-04-15,5.0,0.00723931507129404,0.48262642190109273,-4.858085428392404,-0.062405484011718554
2021-04-16,5.0,-0.022415146301616177,0.6171004781050379,-4.733005835523621,-0.11886558986487858
2021-04-19,-5.0,-0.41314317046863874,0.5911261399141813,-4.294208190019727,-0.44526646505756107
2021-04-20,-5.0,-0.37105473482100243,0.24207192440215863,-4.152928197163596,-0.16973824393572323
2021-04-21,-5.0,-0.4576484955032817,0.542508982418536,-3.7984692679746845,-0.42913002942247763
2021-04-22,-5.0,-0.5060044405173271,0.3775662386596248,-3.5687142651607466,-0.47834058466393975
2021-04-23,-5.0,-0.7140125961024633,0.47509105287410414,-3.4155387706549694,-0.5163131054627362
2021-04-26,5.0,-0.7101274527933306,0.10297217567732303,-3.446561188190306,-0.3870403163643214
2021-04-27,-5.0,-0.659304872740512,0.3910841915195689,-3.3012439549366626,-0.49899583349532994
2021-04-28,-5.0,-0.7526632299477729,0.15738584469988637,-3.0687861837602366,-0.5970810437860778
2021-04-29,-5.0,-0.7075474471834379,0.2312719329665684,-2.3909308099026583,-0.6713610927717063
2021-04-30,-5.0,-0.6791684736909097,-0.04958504421044962,-2.152447983110577,-0.5579561782003949
2021-05-03,-5.0,-0.4750758800959846,-0.11169515511183842,-2.012087925993888,-0.6762728512137706
2021-05-04,5.0,-0.2212333394985215,-0.17899111180561358,-1.7783830369499916,-0.8800387567868099
2021-05-05,-5.0,-0.15963483555786567,-0.33262371378400263,-1.9154237601314466,-0.6654377302615391
2021-05-06,5.0,0.04246281457888084,-0.12839472286351963,-1.7436423584166134,-0.8708330003999549
2021-05-07,5.0,-0.4867623140753332,0.019327018994501205,-1.6572228943643115,-0.9103131948195539
2021-05-10,-5.0,-0.4158574213243664,-0.3238388130992366,-1.5489218185750289,-0.9566550144959075
2021-05-11,-5.0,-0.37409309761333825,-0.5910928935586761,-1.50971972999022,-1.027851578111391
2021-05-12,-5.0,-0.08289192449172532,-1.1072791195968197,-1.2265830539205598,-1.578592020252971
2021-05-13,5.0,0.010337998703549203,-1.1298553853480537,-1.1837389113128083,-1.5358077330197901
2021-05-14,-5.0,-0.09291034117438318,-0.7989319092688955,-1.1063378130220403,-1.535359506879972
2021-05-17,-5.0,0.30940988623687116,-0.7545098917057621,-0.8349432473140066,-1.9701691397314136
2021-05-18,5.0,0.22844747106808042,-0.870988603521844,-0.7834325557632587,-1.8077967423523076
2021-05-19,-5.0,0.09263244230395655,-1.1983026677190176,-0.5400053913279791,-2.274738038295788
2021-05-20,5.0,0.06916332138544495,-0.7844967280167431,-0.6774913146886651,-1.8576784930778114
2021-05-21,-5.0,0.23514223710228657,-0.8988804388002051,-0.5276131906770315,-1.8945753889854227
2021-05-24,-5.0,0.13569998523257806,-0.6599912188602105,-0.5580285630639427,-1.7608375490189512
2021-05-25,-5.0,-0.05423739288418279,-0.6793930867414274,-0.528804124531902,-1.859181651238521
2021-05-26,-5.0,-0.0660944593973307,-0.5085722251585002,-0.5496287821218268,-1.7627862812883435
2021-05-27,5.0,0.00979804029967236,-0.4158321256812807,-0.5001117407219282,-1.8658308303517805
2021-05-28,-5.0,-0.10913597635582337,-0.44848280213485225,-0.3777252898883455,-1.9992832256395903
2021-05-31,5.0,0.03276509223588033,-0.4624536534517572,-0.4360658779089392,-1.9797903418037017
2021-06-01,-0.2482662843032074,-0.345669153566021,-0.5725760207680027,-0.40182868420555895,-1.9838181292836126
2021-06-02,5.0,-0.1910879906432785,-0.4516044775031924,-0.4311931810153273,-1.8050593437858933
2021-06-03,5.0,-0.04218377292009332,-0.5102982952129332,-0.4847010964322317,-1.8252723912020041
2021-06-04,-5.0,-0.19524252115721988,-0.3445487264657156,-0.37479951106450693,-1.9625140808831345
2021-06-07,-5.0,-0.38406652601184904,-0.543887210382802,-0.21218703445518017,-2.20729922638796
2021-06-08,-4.059520096633719,-0.1832458367805304,-0.40135128370434786,-0.18959720152212914,-2.2195604154161486
2021-06-09,-5.0,-0.3429200636803359,-0.40445202266698876,-0.2966733873902266,-1.9331634982994963
2021-06-10,4.35577755492596,-0.3710173246375856,0.09134908829181981,-0.17769656503154838,-1.8033695198975406
2021-06-11,-4.217011353221781,-0.2063167069128532,0.08004698542248453,-0.15457386214252095,-1.802503155546245
2021-06-14,-4.167683856953218,0.07759293823452128,-0.18436745632620286,-0.2563919360306004,-1.6444924623170167
2021-06-15,-4.016553749800291,0.244507858643783,-0.3324894238149607,-0.2524443574325566,-1.452909084058315
2021-06-16,3.59351651393078,0.23845084343082373,-0.20240716781035178,-0.15663145206743248,-1.572741468396611
2021-06-17,3.2576615944466343,0.5329828026892293,-0.2138292836680036,-0.13034946289115482,-1.3647296313448651
2021-06-18,-3.4784004352396636,0.47281591167799814,-0.7872366338493528,-0.016348682462693997,-1.6092558921492939
2021-06-21,3.2425179477575385,0.5832518987433858,-0.37913078308860987,0.17837510719544256,-1.7500007394720853
2021-06-22,-3.322272327082703,0.8024365993721171,-0.3796944251827756,0.1413474520529374,-1.7279125004447724
2021-06-23,-2.935346411823815,0.6880765116930435,-0.3062617239160305,0.08842925832385637,-1.6659807726864184
2021-06-24,-2.6289708829954175,0.5211213404042314,-0.2596093126549919,0.05027047359871026,-1.671965164209667
2021-06-25,0.21633250796954573,0.4128316525270884,-0.1879981878794633,0.19477306707563086,-1.8429514474707016
2021-06-28,2.482602965573857,0.28935830988783623,-0.19324809374779847,0.07347004823547965,-1.5853275352727194
2021-06-29,-2.2445532645742863,0.4939782317432402,-0.1344886426752596,0.01487898655754898,-1.573703921325582
2021-06-30,-1.8377054149889152,0.5887491343953439,-0.14010610037033913,0.05368711532725244,-1.6229270196681131
2021-07-01,-1.678769827016563,0.5916796458771625,-0.01956364225812139,0.12268294178243935,-1.7515291888503743
2021-07-02,1.5141587949867124,1.1560471609658591,0.02781870752519496,0.11091379325955156,-1.778941648217752
2021-07-05,1.5089693121037133,1.3016883749779489,0.03213949711243648,0.12418270469104939,-1.7057218951974245
2021-07-06,-0.04460233571197134,0.5721632419034084,-0.16888805704616933,0.10631377626630494,-1.5383030107396574
2021-07-07,-1.4962056176542293,0.46718309143274106,0.0331691440162203,0.12840810696385815,-1.520344410179188
2021-07-08,-0.26462706571363226,-0.2114439214951923,-0.3964952487340619,0.17743863632584916,-1.7147484469328111
2021-07-09,-1.2804057309280912,-0.2049002437384388,0.009412770184760087,0.1395410299656766,-1.674388599745707
2021-07-12,1.3706014027542714,-0.17182904857405845,-0.009838643113259007,0.1763216011878411,-1.6640350645531357
2021-07-13,0.6064415074624003,-0.24150122150926345,-0.1961039549481966,0.20072848813586391,-1.7344861508884275
2021-07-14,-1.2553272845572208,-0.22545320890022716,-0.1304700199219215,0.19819568745202001,-1.6828428841900902
2021-07-15,1.0797512244239562,-0.5927425270807499,-0.02903136875444185,0.2497735859145548,-1.6141885570438579
2021-07-16,1.0161659980500173,-0.5778371003661239,-0.26644729642036963,0.2699865368695394,-1.5577990264020325
2021-07-19,-1.0655470266420233,-1.149251532701429,-0.7082436044394846,0.30676461286700163,-1.5228557855288163
2021-07-20,-1.003644743233875,-1.3029561553102567,-0.35938847269675894,0.35989665647716484,-1.4162611317680518
2021-07-21,0.9275441299265397,-1.2061191326571625,-0.2394001649516851,0.24957449584971886,-1.2832552113603077
2021-07-22,0.8941220216068898,-1.2675186325491608,-0.08275594524600373,0.24268444647760407,-1.2814357228911344
2021-07-23,-0.7304774753772655,-1.1015777895376728,0.045795338943049754,0.18732757745013462,-1.252212294303875
2021-07-26,0.851800389609035,-1.0526902566273824,0.12210615504201568,0.033701700296185806,-0.9832311479376213
2021-07-27,-0.737463229378974,-1.482245107006113,-0.34176048488077565,-0.03104059075846017,-0.9292911249906098
2021-07-28,-0.7779073693529304,-1.6132449993845104,-0.20464088290251195,-0.04488005738890664,-0.9681610035857561
2021-07-29,0.7369646442959616,-2.0317796024450074,-0.058606148619435076,-0.02825404527862239,-0.9461665944016934
2021-07-30,-0.7276591142837241,-1.7978103802111747,-0.2850897744515421,-0.08786724210382874,-0.7745157427630204
2021-08-02,-0.7390210487021891,-2.084806863391928,-0.678618578710873,0.032365778880758124,-0.9245627475773902
2021-08-03,0.7088033985458478,-1.7872329291517624,-0.26992305617537116,0.07710149026871246,-1.0005283635171596
2021-08-04,0.2875903489593522,-1.5884190130889762,-0.5000299473828667,0.01851844723512638,-0.946200212552908
2021-08-05,0.7091022399831557,-0.8525283721502052,0.022079706458250782,-0.010973929781465374,-0.8567917830285914
2021-08-06,-0.3031157033139801,-0.6328612506555189,-0.02699319321228141,-0.07417801225323765,-0.7690559822337105
2021-08-09,-0.1901797080154651,-0.8151481410643531,-0.18597640439854043,-0.1827996208254974,-0.6173082044731271
2021-08-10,-0.6724488637094129,-0.6366682739088647,-0.02013138328635229,-0.14957772767077404,-0.6264980542149834
2021-08-11,-0.32620167936050243,-0.5091093761950553,-0.052240851745433414,-0.14265003593888104,-0.6178892850124099
2021-08-12,0.7075158214180807,-0.5191361676693158,0.20482648390136785,-0.08674845967014619,-0.6325633061099027
2021-08-13,-0.717255846699251,-0.9986838890749982,0.41126291683858046,-0.18069695664721536,-0.4927483789594665
2021-08-16,0.5559828787219286,-0.8755577838080582,0.7738884292530884,-0.11270248260847385,-0.5138798323674695
2021-08-17,0.20087509613391347,-0.8459242642691793,0.05456155296667062,-0.0639980047165342,-0.5654674889434887
2021-08-18,-0.250969886852456,-0.7433483449048086,-0.6673749227893763,-0.062253514435903594,-0.4773835797189042
2021-08-19,0.6901311469254279,-0.8204955622963089,-0.7066268756999755,-0.10949740414204746,-0.4952437884364723
2021-08-20,0.0654260706673456,-0.9162903619729003,-0.3226630593168508,-0.17290572077841956,-0.4086876000270832
2021-08-23,-0.029724194554020037,-0.8169424082596479,-0.04621750517111669,-0.1668822027858967,-0.4446441829718173
2021-08-24,-0.337735325039184,-0.3619528086363333,0.07768690884323984,-0.10623529784995585,-0.5956354045205912
2021-08-25,0.07495605660233297,-0.29857119084689976,0.17917118835618012,-0.1384663514835735,-0.5746782723607962
2021-08-26,0.12808205303366724,0.09039723655539438,-0.3377368838613095,-0.05592177169232971,-0.6691117526228066
2021-08-27,0.7005603857576039,-0.09208359982600345,0.25755947779317684,-0.10281800457488852,-0.5948115534646692
2021-08-30,-0.3822193344170564,0.24111600897391136,0.4982310107343097,-0.02914479218332776,-0.6992990566808943
2021-08-31,-0.2753433732379245,0.37185539985058413,0.10448001552736878,-0.02869989424611313,-0.6700985259247603
2021-09-01,-0.6274845722970148,0.21581548411690013,0.159779223659893,-0.07539169145318197,-0.5917322489949267
2021-09-02,0.6974955304568554,0.07469891777661082,0.1978569151661427,-0.07529813763933671,-0.5879186000590888
2021-09-03,0.2055530319099951,-0.4131546829317287,0.06774732270460034,-0.08141719865932541,-0.599910127193869
2021-09-06,-0.10391517614518621,-0.3998067600951524,0.10639618608468647,-0.1467169613519223,-0.6033796276240291
2021-09-07,-0.013167614122879659,-0.438531630132617,-0.07445075960418995,0.032383129866385564,-0.8134108497404962
2021-09-08,-0.07712877511234853,-0.3377863764491698,-0.42374939142216694,0.05849358639930349,-0.8271343306744299
2021-09-09,-0.042456368564145266,-0.6755788521180918,-0.610824354591427,0.05180541868907283,-0.8469390783291758
2021-09-10,0.08848388400923723,-0.0947419487288097,-0.9683098304792032,0.10442694352300978,-0.8656965932256518
2021-09-13,0.09556007280766143,0.28915806377083786,-1.1443034007351762,0.10871806691451412,-0.8934224967306961
2021-09-14,0.14451611294726482,-0.013034621594275037,-1.4741248721841342,0.042498430529741685,-0.7752541922920185
2021-09-15,-0.7177574122465976,-0.3446878814452521,-0.5806791719718587,0.011730383135712983,-0.6944091471976765
2021-09-16,0.6923641391088107,-0.1354415566307977,-0.4945899972936469,0.027413144863238478,-0.6635995373539856
2021-09-17,-0.7135455959269746,0.038046417333467884,-1.0084162404224943,0.04691125463620939,-0.7025593501751145
2021-09-20,-0.7146691929024097,-0.36357522372988943,-2.3404510790642625,0.20048693137129583,-0.8844191171578956
2021-09-21,-0.07470221820941807,-0.39020062978859893,-2.4819026568589093,0.28091350424302813,-0.9644045868253066
2021-09-22,-0.18465250709195202,-0.4683469823904226,-1.7825579766164033,0.18267949768976463,-0.8209093425756486
2021-09-23,-0.7068421532266719,-0.23184011557439818,-1.3367288877635024,0.14119209027145524,-0.8245313368818254
2021-09-24,-0.7115440419676055,0.10825750953513498,-1.0030733021530556,0.21416078691500573,-0.8620445770996324
2021-09-27,0.37061309728719927,0.33557438659296407,-1.4817919193692506,0.2449663195226518,-0.8977606704001156
2021-09-28,0.14488879166751034,0.500303445617876,-2.5414622557934625,0.29358173653078123,-0.8853611205459573
2021-09-29,-0.6533482579072825,0.7021315676614334,-2.3778707447152394,0.277257766564257,-0.8641998904277232
2021-09-30,0.15289049503349142,0.45856761307896016,-2.980774165323984,0.2027105814270457,-0.8088710529701569
2021-10-01,-0.7025544518637582,0.2765884387479039,-2.1769363899973784,0.06630393506371868,-0.7134986016677795
2021-10-04,0.6962606514239763,0.20199743807941042,-2.591273995185866,0.043511739249127115,-0.696372406642396
2021-10-05,-0.1172282457615864,0.18751925930740831,-2.0988405153054246,-0.023099480109332514,-0.6733186041606417
2021-10-06,-0.27729655973006284,0.07074153266860334,-1.8736620963459996,-0.1262252173111147,-0.5357620456847064
2021-10-07,0.4836060601882245,0.7358015822199891,-1.1764431226999281,-0.07496983979877593,-0.5479951513220082
2021-10-08,0.6079864538498005,0.8693102953664071,-1.0464226064161135,-0.0705926566742842,-0.5383053438888045
2021-10-11,0.02730912166449193,0.8143945661949619,-1.3512489108454016,-0.15386667124185807,-0.38373745312171387
2021-10-12,-0.007095889025521966,1.235022833227045,-1.3705079611006203,-0.10881916697610296,-0.3216274608443056
2021-10-13,0.03955477192246372,1.2930614408078795,-1.2945741432021984,-0.13779412541258862,-0.30242789779200974
2021-10-14,0.6279974746512781,1.1780147565484647,-0.6726184559603658,-0.12758995594148181,-0.28802938493229063
2021-10-15,-0.6481228957945612,1.2118560824881586,-0.11128957805606134,-0.22772817651634333,-0.16699456842534194
2021-10-18,-0.13502454603261985,1.6247376839644783,0.29205867683759074,-0.22515804086194263,-0.15622071810909222
2021-10-19,-0.11622912013925486,1.7324701406370449,0.5079323839104368,-0.2663944491974286,-0.052692395268708433
2021-10-20,0.04833440812818126,1.435519819850904,0.4293102075351111,-0.2980238356885558,0.0004793158565270197
2021-10-21,0.42696021695821823,0.7512755121120869,0.04510756607445341,-0.20273381218593248,-0.13438107383803644
2021-10-22,0.26897485732200355,0.47055738808734743,-0.049080113953234715,-0.15795328037097453,-0.1708565913984675
2021-10-25,0.4266251186407748,0.43502235733612354,0.23008166146277848,-0.19920528012508631,-0.10626362033192073
2021-10-26,-0.08041570875736652,0.38256370441432425,0.7827332119600912,-0.12342629153948671,-0.12570487083142287
2021-10-27,-0.07672199266696432,-0.08453601462252029,0.408904214910091,-0.0693651787312159,-0.1231587131214185
2021-10-28,-0.6973361462168616,-0.018389288266376747,1.1772975815867424,-0.1134380810168255,-0.08194542263000465
2021-10-29,0.35153421512211186,0.5977564602718962,0.8851574370431161,-0.13989646048289908,-0.053560706881816904
2021-11-01,-0.701597270061592,0.6656148566650312,1.3278856941566861,-0.09500076588916383,-0.13167149207533274
2021-11-02,0.6974539221786565,0.25836286887828797,1.1398792638190165,-0.13950791824864794,-0.10246431084764879
2021-11-03,0.20755212201366793,0.26926068705518363,1.325460589659399,-0.12972280880576073,-0.15365165898599534
2021-11-04,-0.4474786000794742,-0.12381002705611402,1.0689019467283385,-0.09116160555254127,-0.2156539135724556
2021-11-05,-0.02678393537017832,-0.696724505153519,1.176346200578488,-0.07924011098069154,-0.18816725404254375
2021-11-08,-0.033488655488046346,-0.9422622312181594,1.4040520020627691,-0.22200092142823277,-0.058975699519930085
2021-11-09,0.0019815717026305524,-0.9631759427610947,1.3119933012179057,-0.2002701932878311,-0.0733769405256284
2021-11-10,-0.16455140087427397,-0.921866490262225,0.784544783646275,-0.14625535503752132,-0.09712922466563458
2021-11-11,0.2687892683204376,-0.7407466473508553,0.5733231135615112,-0.14257333096041744,-0.05691389283048761
2021-11-12,-0.0010142351041990587,-0.912233067246749,0.6621100473586793,-0.11742290105785287,-0.07576137390906297
2021-11-15,0.2167399520638262,-0.9300785900188167,0.449900892590124,-0.08860090589359625,-0.11855572204165178
2021-11-16,0.17436937598850552,-0.8537203246700681,0.38493190645609876,0.018993396305120248,-0.20907228755245805
2021-11-17,-0.5056738823649759,-0.9107110935377885,-0.10182976876094726,0.017247671146606414,-0.236376536188135
2021-11-18,0.04713030763233696,-0.644889591456547,0.08740378383774362,0.13371560245041153,-0.328504769288486
2021-11-19,-0.43102610659619606,-0.9764127971731786,-0.02212592405377879,0.10326313334913002,-0.23763159501309888
2021-11-22,0.05742741627804284,-0.9151222128217686,-0.27452964077628733,0.19044049427403292,-0.24171835601919214
2021-11-23,0.008130926999330552,-0.5795619639842787,-0.45598732502244177,0.1582079298125349,-0.22728022442514834
2021-11-24,0.01039793960435393,-0.16840199246846493,-0.13418065049860817,0.22589542216718142,-0.22624638345318926
2021-11-25,0.7019778209561103,0.13839337366106869,-0.2539335013973426,0.20476584135666448,-0.16776622317488832
2021-11-26,-0.0005177381705269889,-2.302964201346466,-2.4251137055230876,0.39530357738652133,-0.2853854428490695
2021-11-29,0.015689312157034337,-2.5903083365242905,-1.3016963578842193,0.21528076603412702,-0.1968631393316538
2021-11-30,-0.04689348593277902,-2.661727197346197,-2.4637211715390497,0.28458880541004045,-0.1717579685129326
2021-12-01,-0.3811590337678863,-2.8154372013729625,-3.432623340638272,0.3080161229815072,-0.18103659626432814
2021-12-02,0.45889245471981144,-2.2864612465823426,-2.6652952744125145,0.36563410692168524,-0.2185575524618212
2021-12-03,-0.13164973930325993,-1.8952639262841335,-3.5669433619610738,0.5515138850865767,-0.2158579444876508
2021-12-06,-0.16311776203787637,-1.538879881626941,-2.8666312938641227,0.761193664325377,-0.2686475872743509
2021-12-07,-0.070262662426693,-1.2314492818902518,-1.734774513633004,0.7612975070787217,-0.3465057483580462
2021-12-08,0.20799455890402646,-1.13010109144334,-1.199155847985485,0.7802889253108125,-0.32927286882040363
2021-12-09,0.1310850838322205,-1.6020459724898157,-1.414307516650154,0.9794209455869837,-0.3780246893807219
2021-12-10,-0.08860007705240139,-1.6121747416326804,-0.9103562179010775,1.0247311882133479,-0.4199497206236904
2021-12-13,-0.04475360568782014,-1.6994530732409192,-1.476615388189004,1.083498843760404,-0.41034172145513714
2021-12-14,-0.5559805641697194,-1.7826693448783313,-1.8721169946492549,1.0992314042293096,-0.35846510216971245
2021-12-15,0.09065162974767263,-1.5510895651937584,-1.2322036341242257,0.946748362767602,-0.2366112134258437
2021-12-16,0.40226212430098046,-1.4557542735519837,-1.402315554008973,1.0374722080272414,-0.22770801870975665
2021-12-17,-0.2127252512787274,-1.3936568667011384,-2.026080790183887,1.151962518957871,-0.20852856610827053
2021-12-20,-0.27714886405776906,-1.564425874959106,-2.3475869864385994,1.1163103359413995,-0.20561605223827822
2021-12-21,-0.3116179621661975,-1.7351941620314097,-1.4312572385684084,0.9769497202518025,-0.14362601643686146
2021-12-22,0.06514667652791592,-1.5796911514426772,-0.8488707291614146,0.9986949569531562,-0.1455022162598918
2021-12-23,0.604452527039221,-1.62607120854113,-0.816484597743089,0.8559209690761541,-0.031538920120170996
2021-12-24,0.7025373933248619,0.06569606085876666,-0.7144411386950239,0.8565159800331261,-0.010253298721059295
2021-12-27,0.003893234947166248,0.3925808176614048,0.4905310081850173,0.8663859342223854,0.033964978514087335
2021-12-28,-0.010051278769407182,0.7476219620312394,-0.045147263366939805,1.0681671048223826,-0.14837067319919883
2021-12-29,-0.3220589431735692,0.9846045348172666,0.54005062813415,1.15777352240169,-0.23032345182294847
2021-12-30,-0.7172909758390139,0.8930832633430379,0.6742903250595303,1.110397935459598,-0.2136502783105727
2021-12-31,-0.3017960084085531,0.8196399537948571,0.34417534782228176,1.1782410798673821,-0.25101245855730425
2022-01-03,-0.7170719772994434,0.803290043594001,0.8412567924342786,1.1741588975173374,-0.2500164364179999
2022-01-04,0.7257497299687389,0.8046217518506632,0.3965008351670738,1.2037678834113086,-0.18942392623267357
2022-01-05,0.4615372007198622,0.47563796573086603,-1.1530669967921134,1.3588059036687166,-0.26958228425486025
2022-01-06,-0.7180820327378837,0.7629025063298273,-1.1720600691830259,1.3815702335170121,-0.3186982586784827
2022-01-07,-0.08671437550981372,0.8304410970833405,-0.9327731605792492,1.501423725643265,-0.3053388373680144
2022-01-10,-0.10204021700964903,0.5504922898170475,-1.35367408448603,1.4799651578265427,-0.2865140825471147
2022-01-11,-0.150079162186805,0.6915358788639924,-0.6554593968788738,1.4013875526255732,-0.21582153905501278
2022-01-12,0.18907057412055836,0.13352441998296352,-0.14502333818028046,1.3046543370653143,-0.18397080445441663
2022-01-13,-0.25890384373916836,-0.2111297173121669,-1.470264494079643,1.4034548482250917,-0.3031164783068988
2022-01-14,-0.46931501095774014,-0.13365363647607642,-1.177372760403095,1.3624528743239466,-0.2600842708724279
2022-01-17,0.1842027179992699,0.07238357539816523,-0.9961131001868636,1.4364549494825787,-0.2796026061662804
2022-01-18,0.00047250958147882426,0.0980285799432435,-1.6060412511136646,1.4277505112751738,-0.26729349645798833
2022-01-19,0.013001486356391737,-0.061888855648347216,-1.6160702121422814,1.4817853987052239,-0.32211894659965445
2022-01-20,-0.05215540222127223,-0.2342098728329941,-2.4154227276712437,1.5618086388505152,-0.38542017936485423
2022-01-21,-0.10288464230607926,-0.3977901084968078,-3.7353703998833154,1.9206126984991432,-0.5903372022741026
2022-01-24,-0.12211500536429624,-0.6583400477324085,-4.073265388985317,1.9158214176263877,-0.5614142943985789
2022-01-25,0.43297165745119526,-0.7530786622797473,-4.661694103757007,1.8934778072954395,-0.53239356723717
2022-01-26,0.07503352608776892,-0.5429473853307664,-4.47964591296707,1.90652585028481,-0.4843521090709491
2022-01-27,-0.6666693216562142,-0.16045813505871598,-4.622658977418048,1.8787965462529517,-0.4463661834607123
2022-01-28,0.1451344569255464,-0.10049810570100895,-3.673273890360413,1.8185862315960164,-0.455435934723153
2022-01-31,-0.10821018079148603,-0.2422687061477847,-2.7270244404101156,1.7678164976055153,-0.40960134687923083
2022-02-01,-0.15016720205959508,-0.825740312100735,-2.1818893491249836,1.7484320676349583,-0.4086792720204733
2022-02-02,0.34649919517043715,-0.9392629988199332,-1.9746053875400071,1.905250439633967,-0.4864712668846848
2022-02-03,-0.36712085949238776,-0.9224373634247479,-2.452270364723177,1.8858236224548839,-0.5104282861035464
2022-02-04,-0.025602718797241412,-0.7157411006083085,-2.113660882540105,1.522024854122378,-0.25678894540200164
2022-02-07,0.027155080881588984,-0.01789645596378013,-1.8806821391165556,1.3470177969329948,-0.10232223231733631
2022-02-08,-0.12314419066843876,-0.12126330471617398,-1.413040135002662,1.3179768252797845,-0.07338783838835743
2022-02-09,0.07081393019770499,0.5560996558779492,-0.8846566491575801,1.2922846429630603,-0.05669914438349251
2022-02-10,0.11148151630229546,1.3692199769052578,-1.875064267718658,1.3482904319501532,-0.11274422725118703
2022-02-11,0.11747453688675523,2.44309258302335,-2.576007750123203,1.4414853752489285,-0.10605252029767472
2022-02-14,0.026727295057728365,1.625405230762321,-2.6527430950524833,1.4407229585678845,-0.12851149709406984
2022-02-15,-0.09600696232451475,1.5535018227613313,-1.4668712055783903,1.294838222101394,0.05396118371259726
2022-02-16,0.2920044776873145,1.3883511809975095,-1.110527145529606,1.3454419174398984,0.02609733959924287
2022-02-17,-0.001130959227545339,1.0804784877952136,-1.7043022448629572,1.619438329921353,-0.12373570273768952
2022-02-18,0.024716652099998272,1.172258281757121,-1.4700429558864405,1.663233259620146,-0.10387290331527704
2022-02-21,-0.08222414303336087,1.2734693701882056,-1.5111131978049752,1.9283442630366399,-0.16379967094451056
2022-02-22,0.046629361070483336,1.1925827814716041,-1.9127717070666548,1.81845958418543,-0.07128976873583208
2022-02-23,-0.06799744180824328,1.2818618073476347,-2.16957431626814,1.89927983362088,-0.08530147915641233
2022-02-24,-0.09150918483030214,1.038320019418106,-1.8166900140941302,1.805840600512255,-0.08874278832958543
2022-02-25,0.4732633209534149,1.0268899478872764,-0.8051665612959643,1.7307302681748382,-0.021181860932961587
2022-02-28,0.28486921513261626,0.682624729709745,-1.7381927875563796,1.415036251627948,0.2225200176149905
2022-03-01,0.08556180941650596,0.43314227070897837,-2.266238207072286,1.324431313005343,0.26702654326608627
2022-03-02,0.2801460199792674,0.5724698078272834,-1.7026076394734557,1.3487593508875726,0.34411409981561747
2022-03-03,0.1543580947381478,1.1452876447634035,-2.041984053506116,1.458719629290095,0.3804027212963528
2022-03-04,0.008691337478476922,-0.24104016341030915,-1.877948652929757,1.734008454304925,0.13499401238485312
2022-03-07,0.3272463354419457,-0.4327950241582029,-3.2482019595463854,1.8390549975592356,-0.06921380969329988
2022-03-08,0.1790846565147813,-0.2991176141717842,-3.0753963129106943,1.7835899976180927,-0.02932208668749857
2022-03-09,-0.26571148659632177,0.11380901975118188,-2.401092224868453,1.5135586556503429,0.19567016486887223
2022-03-10,0.16973696437835514,0.1710714749555556,-2.438919241258342,1.7170443309296188,0.003920914577996993
2022-03-11,-0.08772875539258851,-0.39573233973839445,-2.449872754024554,1.751628899999228,0.002306231035585747
2022-03-14,0.13194060639401772,0.7429759030257237,-2.308590657329087,1.6673758981622109,0.07299198420349258
2022-03-15,-0.22727438596761484,1.118786769431518,-1.5806144042506556,1.6952880502690018,0.15181231572351755
2022-03-16,0.2197223691508582,1.4718254163859374,-1.1000696501854974,1.547460583548465,0.31375651147200717
2022-03-17,0.6403514226788194,2.491535342378717,-0.892572259275848,1.5634537024378465,0.2603265411853387
2022-03-18,-0.2269943450843231,2.9470174427427835,-0.16444144770581096,1.4908055160243847,0.3803441398374966
2022-03-21,-0.2727741203264593,3.118355603124394,-0.060430897276366614,1.5531641158573364,0.39469525427556484
2022-03-22,-0.02246434337884314,4.44835360603002,0.34877781022927573,1.4501367058209458,0.5752775025394196
2022-03-23,-0.1371638622305471,4.345734102855157,0.47476933778527786,1.396416259320858,0.6164082895526481
2022-03-24,-0.38976506681243145,4.363209068620965,0.5722881387866914,1.301926359258226,0.7413570332027967
2022-03-25,0.6845658389432197,4.242646468209894,0.46734462310833985,1.2710922763892343,0.7665728195275481
2022-03-28,0.25895512089314293,5.0,0.8950875953052412,1.074720060629906,0.8851124032189296
2022-03-29,0.020772857475809245,5.0,1.3575116911556602,1.0409267716371038,0.7341255000852841
2022-03-30,-0.10372499802289138,4.89793056320761,0.8168827767157923,1.0597043058848024,0.6628533398851767
2022-03-31,-0.2618831432896704,3.768322879896052,0.5230301799922475,1.173275440059472,0.5192304803781973
2022-04-01,-0.5011294368911047,5.0,0.7844678209772732,1.10366654118734,0.6468462544649418
2022-04-04,1.4566539007054364,5.0,1.5178575722467935,1.062914861730096,0.8080683461064397
2022-04-05,-0.08764532293542979,5.0,1.206202212732593,1.12026087516136,0.7232824072911057
2022-04-06,-0.02553472244609429,4.788817108608771,0.48209391542421537,1.2905107335340849,0.6003524670180312
2022-04-07,-0.04448603556560713,4.427900137583459,0.5263410498701688,1.2688294559374416,0.49507753294306395
2022-04-08,0.07308863561711246,3.861394304932949,0.8146671511015919,1.3516445238697714,0.46569241912315984
2022-04-11,-0.030289554932210683,3.844090012488363,0.2703873025795801,1.57743052353368,0.20385968542746316
2022-04-12,0.025102372838819748,2.9295323009504455,-0.06341295648457677,1.5152849204610161,0.2668821368953188
2022-04-13,0.48383100856685934,2.5506596543213824,-0.0070344720054299,1.41865118240694,0.3272643097320796
2022-04-14,-0.3404545105030761,2.369711748509022,-0.3581257832754329,1.5234591942646072,0.1870512696097161
2022-04-15,0.9804125843179066,2.4522157722354256,-0.4151368492053885,1.475386254288953,0.2838582666038352
2022-04-18,0.06301400839260317,2.574891433187372,-0.4790685107554518,1.459098191649481,0.3181680648279827
2022-04-19,-0.2118209726404217,1.9978659643297525,-0.1864769261295771,1.3981625141268625,0.39396193575832916
2022-04-20,-0.5982849581286485,1.4062760878640568,-0.2972369346571099,1.4019808573823955,0.497079434578687
2022-04-21,-1.7199478802145247,1.3823694584714958,-0.40371104214920706,1.4596004587984241,0.4331805617217108
2022-04-22,0.14516381627346334,1.6649875722231702,-1.6445670244555959,1.5177240679002464,0.2976240865504515
2022-04-25,0.8259330813926195,0.11236257882969955,-1.4728023054797856,1.459348997435902,0.3315704606547505
2022-04-26,-0.08825880702783231,-0.0038794504290874643,-2.471349534423116,1.6585373989262313,0.052258439931277975
2022-04-27,-0.24080425203805697,0.5288095254783053,-2.3195293869890325,1.5599670601548663,0.09631601615657201
2022-04-28,-1.745892023674934,1.3580494973561434,-1.800213482086371,1.4977716216946684,0.13950776737983306
2022-04-29,-0.02657818233963931,0.34739658455511563,-2.3961344333674552,1.5837090864416616,0.10924547935937992
2022-05-02,-0.6916636840751971,0.2255279251474033,-2.202124121619985,1.603922277404344,0.15169110002980132
2022-05-03,1.0494320115771005,-0.03839673780240982,-1.9713880004435118,1.6816438160737968,-0.014642928576801842
2022-05-04,0.0783865486397161,-0.26932154095165617,-1.0517227789047137,1.5146581119407165,0.07471146172556584
2022-05-05,-0.10656539776844065,-0.38363435197156104,-1.9634605028976306,1.785539472409983,-0.18304820679486772
2022-05-06,-0.17814983433416268,-0.4328203587939448,-2.0300609408115355,1.8277424833270024,-0.2567903746516903
2022-05-09,-0.08519980120567534,-0.8787612584731908,-2.864029543911941,2.4276068118927396,-0.8632531390756595
2022-05-10,0.11602445345475174,-0.9539019254021923,-2.441549250043977,2.339821536453751,-0.6257796419451466
2022-05-11,0.046579768473914596,-0.7852481855168503,-2.5452001125085286,2.562473268434751,-0.834170547958449
2022-05-12,-0.05160881737558758,-2.1009470875150167,-2.718794119849138,2.537510152592754,-0.8649920136968465
2022-05-13,-0.15578376567627508,-2.323833256639778,-1.8159523355847376,2.5018042761437633,-0.7915621325873421
2022-05-16,0.48799271058963795,-2.3467760915560874,-1.794722201676813,2.432162697307401,-0.7336632660447449
2022-05-17,0.4717598181965523,-2.572700067083182,-1.6074718131838985,2.3571637023750975,-0.5445909172655614
2022-05-18,-0.40861047384695626,-2.731725467496939,-2.5401413195302767,2.549682609429434,-0.7926193627325442
2022-05-19,-0.23510761894621374,-3.1461322247943486,-2.1963651575774477,2.360603406245143,-0.4584956702797614
2022-05-20,0.028170495504246988,-3.275097241522777,-1.8203646725838312,2.482663056534211,-0.6428526855340884
2022-05-23,0.06358067214983079,-2.851887401411571,-1.4880465010304222,2.5018984810584497,-0.5283861870043951
2022-05-24,-0.5418720766366789,-2.9388970106069396,-1.3361895269830928,2.433570386326296,-0.590319271608602
2022-05-25,0.7509208009887354,-3.053956919491701,-1.1066227573350282,2.4193538804234667,-0.5224584250708596
2022-05-26,0.4180759627116618,-3.1373663487389254,-1.059804367625512,2.4099142579511406,-0.765745618755812
2022-05-27,-0.02415717751966269,-2.7607998786300105,-0.15947380744052012,2.3317978941333433,-0.9074208861179557
2022-05-30,0.11785143183028228,-2.839196282957931,-0.24471453790673608,1.9130365166166272,-0.36669360116680044
2022-05-31,0.10892313571163116,-2.7250489984502133,-0.25450731484524775,1.8693038625155867,-0.2588380217274253
2022-06-01,0.432166503084816,-2.495072611354698,-0.3044928714036063,1.976014712736938,-0.37708744234393415
2022-06-02,0.72089439375625,-2.250610363084505,-0.2570513162134549,1.826824571113123,-0.3311242819808907
2022-06-03,-0.1814677394710197,-2.152542604558046,-0.19377909126403156,1.8606097345436334,-0.2721734333588229
2022-06-06,-0.5411673576546522,-1.9474193190261875,-0.06456792148122763,1.7044043603380108,-0.11968930164732207
2022-06-07,-0.027269176507024442,-1.400025664023011,0.5027152776015337,1.6306111319145442,0.2964999560475172
2022-06-08,-0.6363394687363902,-1.1140251313712688,0.40176562718711467,1.6066745486857934,0.13182378087336555
2022-06-09,0.3778940355585785,-0.16680110404267298,0.05411016967069558,1.581527229147702,0.1647876250584245
2022-06-10,0.015337084743787076,-0.12014835785725846,-0.4256097828272937,1.639480226355828,0.010088298752550177
2022-06-13,-0.27280541912472944,0.151101733921154,-1.4236386361621318,2.1991964598670726,-1.3473982421908952
2022-06-14,-0.6788900331616888,0.7810086185684729,-1.309715028175391,2.1820589539638027,-1.4578205696346533
2022-06-15,-0.05122030058388634,0.9360738744408884,-1.1155573100545553,2.1115871740604804,-1.4911781126087633
2022-06-16,2.3578309572534146,-0.5198086137188778,-1.2894832561665845,2.295373585058355,-1.832713831745157
2022-06-17,-0.16177201486561982,-0.40042153142315284,-0.9800633734977006,2.2528242744698024,-2.025390825185561
2022-06-20,-0.6921782312583458,-0.2866447345301913,-0.8893985434672349,2.23062746872407,-1.9365214969672129
2022-06-21,0.14846990762502804,0.32606197594325925,-0.563511970602899,2.198889137834992,-1.944561940249427
2022-06-22,0.7782728159570242,0.3579912228872556,-0.7378631982936681,2.25525318259304,-2.121383285787042
2022-06-23,-2.5408431008506,-0.27624724743000956,-0.6156698261549106,2.108962686385735,-1.9219899608736313
2022-06-24,-0.27887423943998996,-0.1464602970268913,-0.13490758176752243,2.06118905667862,-1.8663834683236522
2022-06-27,1.7586941004436678,-0.10770598204911544,-0.27904975590605885,2.0724017168142366,-1.9026987191542692
2022-06-28,0.48407980972212344,-0.12661549831458963,-0.7913604787763165,2.0625266397212356,-2.173741389334925
2022-06-29,-0.8038589476310318,-0.41109448515432306,-0.6890469077648061,2.0519109848842025,-2.240251784303897
2022-06-30,-0.37867771633834707,-0.819713568903694,-0.7553101900188783,2.0431865155159894,-2.145578404458456
2022-07-01,-1.5072005422620656,-1.3144186936584918,-0.6817899625877591,2.0484084047937525,-2.271493075958257
2022-07-04,2.6915250023045907,-1.5761245640209935,-0.6090537416861497,1.9250517058059167,-1.841075055253108
2022-07-05,0.08213524043004404,-1.6918841177730461,-0.5147312513338395,1.9074711762591419,-1.984755012361129
2022-07-06,0.5703118518832756,-1.959080652209666,-0.2967665610654816,1.8608898828305147,-1.8481292523995043
2022-07-07,0.20880812911438518,-1.726291444767311,-0.08764702235880088,1.7312478523473414,-1.4241541293496995
2022-07-08,0.05458894258925473,-1.6752063339828318,-0.08523463823540868,1.6585032080161106,-1.3721191366675607
2022-07-11,0.5237262738909572,-1.641716899770966,-0.062286237784500285,1.7747592510219241,-1.765279697128109
2022-07-12,-0.21397307334008298,-2.360371139037227,-0.045466229297581755,1.8183445142788683,-1.3073538051346452
2022-07-13,0.43639331064645587,-2.208146811248308,0.38082154791131795,1.7175073624794936,-1.0847513741407868
2022-07-14,0.785901831991022,-0.49841362254351185,0.3751353809737735,1.6809946287655881,-1.0236250791528922
2022-07-15,-0.7075003043628254,-0.4966789393743302,0.6111536086632139,1.648782971580182,-0.7482512178597588
2022-07-18,1.0433331806728428,-0.6620955973682463,0.8386547297527275,1.5058968528723469,-0.27361816638381536
2022-07-19,-0.4649512006753297,-0.8575249548789123,0.9937242510117144,1.4252293722931133,-0.048817658514573335
2022-07-20,-0.24456627309910703,-0.7102674725915042,1.014278229032342,1.4268932924385125,-0.06239336675958156
2022-07-21,0.3470048630278238,-0.060592351623813934,1.0461715977943968,1.4171522150947935,-0.039633992080489525
2022-07-22,-0.39115500294493505,-1.0362372252914043,0.9497717694059131,1.437625621547866,-0.15143393694420917
2022-07-25,0.8871746939440246,-1.1016735580155765,0.6998437376610597,1.545983606795029,-0.5755712928018052
2022-07-26,0.7466270360448549,-1.2194215350700748,0.5500527984890398,1.5478922856429285,-0.5946402992324338
2022-07-27,0.176048231211654,-1.1436126678748553,0.9613538120704432,1.4048586684626554,-0.07017636253315417
2022-07-28,0.20160949114327104,-2.036422276728393,1.0662785333568723,1.3314555929313323,0.22062000004321047
2022-07-29,-0.7357118767891514,-2.161858710780565,1.3960785277575096,1.3278065010394893,0.2828023463201296
2022-08-01,-0.8801430156711313,-2.354288132349081,1.041280908006039,1.3493596679878377,0.005852802793844533
2022-08-02,2.5245005738648287,-2.285800980889563,0.9382941960935464,1.3468923026251585,-0.046158098079306015
2022-08-03,0.22261732560357406,-1.8852287493423996,1.1305023883633218,1.3435794406111428,0.0032564103065208607
2022-08-04,-0.40677791674058056,-2.233270227439994,1.0093503451951493,1.3570727977411776,0.32073492327349684
2022-08-05,-0.03435011173174444,-2.190216155556263,1.137604200598766,1.3020722771199396,0.34621842183924495
2022-08-08,0.12121511398046811,-2.2579420423777856,1.0983981418042976,1.262998445672313,0.6666023092091373
2022-08-09,0.15184392924034043,-2.074817484232211,1.1441188820322417,1.3032898811091245,0.7272579026831085
2022-08-10,0.39292259261545404,-2.6197841613292714,1.356884315776744,1.2388759815571544,0.9637510112587273
2022-08-11,1.05997332653311,-2.8810211792492826,1.4178653761623607,1.225659138505631,0.8503982721024654
2022-08-12,-0.2633238059761853,-2.6916734241804607,1.3615677315874801,1.1769550776261217,0.9927023749049831
2022-08-15,-0.1088681325555817,-2.6054395237096553,1.4433083836692362,1.1867343862276234,1.050976981971516
2022-08-16,0.8713569320072545,-2.445661757824623,1.3254115181991637,1.1850651904350764,0.7908766092842825
2022-08-17,0.355150179211747,-2.31984458840141,1.1840286729365967,1.2035473163932975,0.6063638832118078
2022-08-18,-0.841448226086752,-2.2468434507980306,1.134713443609944,1.199808881306014,0.6404461259902932
2022-08-19,-0.23103373148005768,-1.5839891718466004,1.0660715987328528,1.3643423430875192,-0.04179084820014493
2022-08-22,0.07682801519306456,-1.4163462424505364,0.7074256938137226,1.3256171286297924,0.1359632017235042
2022-08-23,-0.05926130787857334,-1.5440672292944724,0.7173753862747945,1.3119014311502037,0.24040724956536197
2022-08-24,-0.11365330524851454,-1.5548642806374309,0.6258998611685708,1.3090649385043271,0.249955154145111
2022-08-25,0.712188483166678,-0.7500860489874942,0.7396721137929995,1.280421849588202,-0.09942418536196118
2022-08-26,1.1454414755361035,-0.39885199116983716,0.3104665997527068,1.3769445073157973,-0.5340543809078261
2022-08-29,0.23443180350354526,0.04250622290605822,0.15169166322788372,1.3658340790567425,-0.25214828185913774
2022-08-30,-0.2719096837129552,-0.0011691118233779774,0.1743699034224288,1.3948263659189413,-0.3542657620200346
2022-08-31,0.5136457424859554,-0.2746433807465174,0.08777482550046582,1.3655346038745915,-0.19350623451026316
2022-09-01,-3.0356751616358006,-0.007663559126128887,0.05889142857051995,1.3468414052695434,-0.36972651024911657
2022-09-02,1.7183009340343247,-0.0449644508661279,0.09485915068540779,1.3522593013814845,-0.27010097378141257
2022-09-05,0.17899109099887187,-0.20762836787955916,0.06849232467936243,1.363803209766855,-0.27727544298830753
2022-09-06,0.09449338812946123,-0.04583402610972436,0.04822310957804039,1.4338900359700233,-0.6443124261165981
2022-09-07,-0.17313724420847693,0.7333775737674704,0.20891129122435714,1.3816852114587646,-0.3272573611444271
2022-09-08,0.31546391675824464,0.6240144125756385,0.28834632019430434,1.3663827516707083,0.11987104128683564
2022-09-09,0.06574843271142358,0.17713190212538082,0.3651519184625099,1.196009245451105,0.7828189909005375
2022-09-12,0.1179860687683525,0.2955793032633175,0.29059051285517834,1.1181949100463366,0.9476895725941209
2022-09-13,-0.17103413404213294,0.3770300787229198,-0.08451722977375767,1.263281952518337,0.6134405365530917
2022-09-14,0.42444696424903977,0.09345707069060166,-0.07595627137562218,1.2613223621788408,0.5745093031088507
2022-09-15,-0.4802650405496067,0.18825008712030633,-0.04335973836821687,1.2982417586171944,0.4334011712516186
2022-09-16,1.1818524471406093,0.06888530215290462,-0.16523446215760318,1.2852167143779396,0.4215749521753402
2022-09-19,-0.14721019509160185,-0.002410129995572252,-0.033109960758830305,1.2967246900817586,0.710832889960882
2022-09-20,-0.6175438029405881,0.28561978821671297,-0.05036520316902523,1.3361469144927343,0.20224157836213824
2022-09-21,-0.4262079062764649,0.3059835338292279,-0.21774033666658651,1.3464347580404898,0.05652538441903628
2022-09-22,-4.475350911156825,-0.07300129610976017,-0.23280093476155578,1.2549311995243722,0.4869874454124447
2022-09-23,-0.9808506392392745,0.08364316352770372,-0.6180005711160625,1.245739672703512,0.53073016484915
2022-09-26,1.0041349175955463,0.11417402512140033,-0.5737358518460284,1.2507204488940402,0.7105840573161863
2022-09-27,0.61952596474011,0.16166944402534877,-0.5461670466261163,1.2511284840916455,0.7107417206221344
2022-09-28,-0.50893694802658,0.0725272104428568,-0.23670468927092794,1.215354762884149,1.030630750859787
2022-09-29,-1.1388193727664344,-0.18705580978245445,-0.3219059211834688,1.1889671871022582,1.0139833859008274
2022-09-30,0.10220447330224668,-0.1391768176965868,-0.45951893315216735,1.1846826830709494,0.9651428452290556
2022-10-03,-1.0111221867608513,-0.016078573116998576,-0.16217034642642128,1.1618658486334181,1.119953472072215
2022-10-04,4.41536372200197,-0.238513841644675,0.09869934748937596,1.0988009585410652,1.4079373924137235
2022-10-05,0.6176286524760892,-0.40613122622496517,0.10161112858217929,1.103762639186708,1.4724543776376524
2022-10-06,0.6766478498410241,-0.22977936492638118,-0.16001576617771468,1.108952887994491,1.5014024870191294
2022-10-07,0.10767444452252499,0.19733564052617258,-0.426056593060584,1.1248476859355387,1.4770973980131574
2022-10-10,0.30135374082958744,0.19060953016399917,-0.449686162840586,1.1485537829798516,0.8984890931777919
2022-10-11,0.13891280842995807,0.11282814810606402,-0.384596407819883,1.1445658479817051,0.6834669361177079
2022-10-12,0.25269264059863844,0.3734716728306699,-0.45380262936849713,1.1197646680409623,0.9647437816336574
2022-10-13,0.19908123835731698,0.28645658285206993,-0.10829486508578784,1.0929506805494615,0.8693636475064174
2022-10-14,0.17836136269628747,0.595857215122376,-0.1277419271781147,1.100982557129617,0.802280020331066
2022-10-17,0.7265127946764246,0.6117643663848682,-0.05926646904581979,1.06494478101637,0.9626129306458553
2022-10-18,1.3941106591579335,0.5155270588272378,0.1458289945777033,1.0520269136548823,0.9067007734346455
2022-10-19,-1.3333747972860923,0.48996483181929906,0.24434845446403233,1.0399501781995268,1.069556306881351
2022-10-20,-0.6139020759262761,1.148467311030891,0.3790133059047844,1.0321252966046905,1.192914833659125
2022-10-21,0.3656211160575567,-0.13423677784236043,0.5772946626433817,1.0073366841182252,1.0916745548379707
2022-10-24,-0.7414063130629313,-0.31561442309806464,0.6211221889326378,0.9810715020360176,1.0363398192506585
2022-10-25,0.7811849708394029,-0.5623727587074374,0.7742176768986218,0.9273176353268184,1.2208931585276808
2022-10-26,1.3716184274487275,-0.8035836434400258,0.9835226695633726,0.8704102355113669,1.4979428453937826
2022-10-27,-0.899080598136033,-0.7147266488937609,0.9264809606181104,0.8627388284074402,1.2682845578724649
2022-10-28,0.9530097374947151,-0.7359691726874531,1.1009201307427336,0.8095947994153526,1.4978822062985404
2022-10-31,-0.6816325861565422,-0.5563711787265785,0.9768767409278813,0.6961026386202374,1.5145410069082126
2022-11-01,-2.152076229750092,-0.43456820495729304,0.8816882986559219,0.6113737546736764,1.7515396481065895
2022-11-02,2.0123742948999275,-0.5844292923442685,0.6870601572808049,0.6248175272159413,1.4277069445256962
2022-11-03,-0.8677868674981541,-0.4872188281139094,0.7045539175743893,0.611908522899638,1.5113728872066632
2022-11-04,0.44538136542453644,-0.6362637076979313,1.0642372881867128,0.5486113124476006,1.8956995270587869
2022-11-07,-0.06932527165145808,-0.7851772320982708,0.987993465074516,0.5762366318479076,1.6867076046123868
2022-11-08,-0.068428555026198,-0.9450103639178582,1.0325299036114193,0.6758749182417649,1.0356868010132585
2022-11-09,0.374083182051448,-0.9949562128580769,0.9278463194611906,0.8349984437789282,-0.03449856718722906
2022-11-10,1.945520114343023,-1.8779884629364467,1.0592820854041771,0.6965466214479766,0.751292727526331
2022-11-11,1.0904400628540847,-2.2454031318047387,1.3702826338587897,0.7179319140711525,0.4631702728026098
2022-11-14,0.23626011255978221,-2.322462893807356,0.9679189086829494,0.7355778463731756,0.4431068937560113
2022-11-15,1.0700896093415995,-2.407541935997733,0.9468107613828453,0.706298425333881,0.5067456997180977
2022-11-16,2.0619510411646935,-2.4247348778304114,0.9367850194763513,0.7035668186848483,0.6819071650833252
2022-11-17,-0.862982226390208,-2.454711341391844,0.9073678427742744,0.6876696069872194,0.6818835136499484
2022-11-18,-0.20491666133591488,-1.9792567185621752,0.9169695558828042,0.6817794179021552,0.7155416663153864
2022-11-21,0.14210687766041705,-1.8342209298624332,0.866593306470409,0.7386299608722676,0.36380767598180885
2022-11-22,-0.11251104876894723,-1.8321333791573937,0.9622473763133543,0.7083091986259045,0.3525208858098449
2022-11-23,0.7079607096115059,-1.7900079108154239,1.005363787094554,0.6780413180543307,0.5601418313597292
2022-11-24,1.4617376240375461,-1.7101391346078076,0.9741091977269554,0.6750422688504394,0.5331762556549969
2022-11-25,0.14132153520880303,-1.7634634081521718,0.9844794555894438,0.6775830783254749,0.5966900678557063
2022-11-28,1.061640315094694,-1.9447582332835247,0.8514977259543682,0.6960687755825309,0.40503438196367536
2022-11-29,-0.4839988733915112,-1.9584839092771518,0.8568663401915743,0.6784735318770244,0.42417769789725684
2022-11-30,-0.10888097538300677,-1.8084229000033878,1.1576414623404374,0.6294084807938694,0.7655010763616664
2022-12-01,-2.812549050492528,-2.551736173510159,1.1312928956291837,0.6337556302083484,0.8002081823754711
2022-12-02,1.7341348330887667,-2.6487089120161493,1.251989756451087,0.6199793900793079,0.9846369909364246
2022-12-05,0.11133471157557893,-2.430422981977922,0.9854589291114485,0.5189252818474063,0.7498817807843278
2022-12-06,-0.9917106242890411,-2.224438749059141,0.8165063522196899,0.39840643898067174,1.2433110803451148
2022-12-07,-0.30925607891069756,-2.278678021115023,0.807215541524584,0.4057388481546281,1.237751941686378
2022-12-08,1.0989776222362462,-1.6270689296743996,0.8772994266126443,0.3819866091899964,1.8239088017343923
2022-12-09,-0.4969116397667064,-1.4309411051535015,0.6112933888920425,0.3858857453430097,1.8065270731791208
2022-12-12,0.8597859572464795,-1.2028892117860437,0.5289957504260179,0.3817724790052695,1.9434206390904567
2022-12-13,-0.10276799705468853,-1.35977764420427,0.697967426828141,0.34610807084245293,2.3274702408036068
2022-12-14,-0.3911965927076592,-1.4419362025468592,0.7898852805565408,0.3409527462811319,2.250632201765488
2022-12-15,1.8173517471726794,-1.3523990933070742,0.6029634087276858,0.36543997271168543,2.1537890223861864
2022-12-16,1.915148179280926,-1.4806918563716807,0.5717011199412869,0.40388879746428463,1.8230356679154305
2022-12-19,0.07261641609227237,-1.5929987673228163,0.5713986093824139,0.4131886724733012,1.7469729807222028
2022-12-20,-0.06347855884049991,-2.362587555144792,0.588539870096166,0.3817731389970674,2.0458752059820466
2022-12-21,-0.5428416922020309,-2.057060850872884,0.6525053990203694,0.3855909079257752,1.917892087661697
2022-12-22,-4.481081247778602,-2.005584726957071,0.5216955168000665,0.3824066369763389,1.8181029988691422
2022-12-23,-0.2338767527964903,-1.851134898241333,0.5979193576378202,0.38177026594151076,1.8110437010454625
2022-12-26,0.3479396790906977,-1.6860392116285383,0.5911195813669369,0.372950962274946,1.8472915090430726
2022-12-27,0.1533912577507889,-1.5751529722329924,0.5807242890777318,0.3806840921651011,1.7258629873074964
2022-12-28,-0.012195767773757176,-1.4628575234261136,0.5486640003290184,0.3893511252951154,1.596749172876774
2022-12-29,-1.34000312034559,-1.003300776928514,0.508124136578527,0.3825679387523336,1.396534905659091
2022-12-30,-0.2597144757115131,-0.9425207743555452,0.5065826627334828,0.3834498303133268,1.24040147404807
2023-01-02,-5.0,-0.958672812569309,0.49243867093742616,0.379839117146673,1.2286937510978064
2023-01-03,0.11297085374847951,-1.0317446400563979,0.35418932523131297,0.37923825199842026,1.34901133148651
2023-01-04,5.0,-0.8835820002787692,0.5518565724379663,0.36557679405469895,1.4849776215041366
2023-01-05,-2.1889291720433106,-0.7486256380360987,0.6557370866711261,0.36387421286639554,1.4983321069129305
2023-01-06,-0.11682979465789618,-0.7831324594752005,0.6884158514039393,0.35185220044557763,1.427517015223941
2023-01-09,1.1902372157027095,-0.9129123371366877,0.650241094416943,0.32591537852252067,1.5025876554696225
2023-01-10,0.40963240121653793,-0.726752792200973,0.7535966660827101,0.29947646423874363,1.4344646680845408
2023-01-11,0.3331771243170696,-0.5978579782987224,0.7357445874452417,0.26449257747424504,1.461541384863293
2023-01-12,1.5465713066600275,-0.8599007983467067,0.8143588676220395,0.2068294618039771,1.7924504228810352
2023-01-13,0.05462488310538364,-0.8899184836610587,0.8579894792557023,0.14966452208331543,2.337617265770111
2023-01-16,0.8259400616470871,-0.8081020618931897,1.0409774450468656,0.0818591848267703,3.0315901588245495
2023-01-17,0.1450384600912056,-0.26381005646148425,1.2425783774761263,0.0729040770114776,3.16181112335194
2023-01-18,2.7148513332306274,-0.2950869063464437,1.1796130630764043,0.09257896177297482,2.8461559415443274
2023-01-19,-0.6358906532691445,-0.30618920396379934,1.0084066911036127,0.07295032594974496,2.8649628517521215
2023-01-20,0.8080849687455175,-0.2775615815538609,1.2168421238907026,-0.0008502083745122467,3.268741829423623
2023-01-23,0.7409338242030469,-0.23980863100538538,1.1610632588683314,-0.010643687281893603,3.266876628033423
2023-01-24,-1.226512508648859,-0.23920816618630988,1.2222423195543943,0.0014149732068585506,3.188419392329035
2023-01-25,2.705132279724752,-0.27965665665031647,1.154136783250983,-0.019232754983045938,3.3369515467608935
2023-01-26,-4.4552213227044986,-0.15675099109939394,1.3007151150241707,-0.015334605114545513,3.2954587077409188
2023-01-27,0.3481122328076833,-0.05918191615523003,1.2871693388103211,-0.016952902297580674,3.159322051323417
2023-01-30,0.7274818687305863,-0.026881157548226908,1.2221733866184075,-0.003364438292622061,2.982167975776647
2023-01-31,-1.2045422591245043,0.05150253234004093,1.1500950044476015,-0.01593015244445057,2.98663508394602
2023-02-01,-0.22186106987454646,-0.00897344249280519,1.2416994103084813,-0.04159383665018946,3.0237062249445255
2023-02-02,-2.227998853954922,-0.07971925631840822,1.3619139477486868,-0.031120396524860056,2.8756974063301284
2023-02-03,-0.27118018064073646,0.017896069853828935,1.394560881832784,-0.031358947222955874,3.0894976202344964
2023-02-06,0.3422891287553092,0.219989304448121,1.0813444719323404,-0.0004545604647861539,3.1601287628373242
2023-02-07,-0.7563536375539123,0.17395544292159437,1.1513187442193575,-0.02170452654667087,2.9233854013254144
2023-02-08,0.5536168188557874,0.15942257812332497,1.0145467062087066,-0.0069298606719883915,2.815651325834251
2023-02-09,2.044454549821991,0.3654351175835422,0.8868477476635038,0.04331738228062597,2.4634553354410453
2023-02-10,0.1108323618381881,0.5494581748611242,0.6605695034285568,0.0510753164359148,2.1962288629527023
2023-02-13,0.5396634333485455,0.5685647962333107,0.7793886341036069,0.045850281989732324,2.201819925962188
2023-02-14,-1.7488626484958407,0.574033115921048,0.8226622881392475,0.025840518734438024,2.110574566131704
2023-02-15,0.9624077762242538,0.6376547431153896,0.929873531372417,-0.06460244216319486,2.606495283055496
2023-02-16,0.5814115333097739,0.6617604240203908,1.0234379820015018,-0.0348574520777577,2.5989746252261363
2023-02-17,-0.4763590157567225,0.615865151127552,0.8153884672874909,-0.0757949097486608,2.685183875162392
2023-02-20,-0.6734344547955932,0.5668200115465076,0.6997525005166704,-0.08569656478813036,2.5516486715055753
2023-02-21,0.12383888046936725,0.6079039084521252,0.6104780461271363,-0.06887989525821844,2.3981180558838253
2023-02-22,0.5260808364271768,0.671251486163727,0.509879706377861,-0.05779487693160987,2.383765053727686
2023-02-23,-1.606894750001637,0.6414872995485118,0.49174095146431707,-0.047474318988179595,2.2632694040045664
2023-02-24,-0.9040977625421103,0.6901002227862919,0.32758312945964185,-0.01500811493183256,2.0245663674392596
2023-02-27,0.30608943145305845,0.6800325213533241,0.40488463515209394,-0.026338217207918808,1.9960673551365353
2023-02-28,-0.47268813842111057,0.6673739009148486,0.5288725063449831,-0.009321417703464153,1.9136422753374973
2023-03-01,-0.5943743271287326,0.7173533340912377,0.39804386487436094,-0.030520321419614332,1.965708785476692
2023-03-02,3.4451466962937713,0.8400574425571122,0.37190460899894223,-0.022766977261066672,1.831585302797194
2023-03-03,-1.6226375559635637,0.7374974533476718,0.4344417845134075,0.02617847930266705,1.5553648203114996
2023-03-06,0.39127930457911914,0.6429609257162369,0.4655161109249587,0.02396767895172878,1.4907148983031404
2023-03-07,-0.03927490771251914,0.7234027022036142,0.3366800205092308,0.03210425334269009,1.4125442074994143
2023-03-08,0.8404876136886371,0.7466805337609846,0.3856528369687235,0.05557564565321432,1.3139354534889394
2023-03-09,1.0389535733665336,0.7354768400350021,0.0005564535021937276,0.11984067242398577,0.9923084559136285
2023-03-10,-0.9880993601017476,0.6066396388754117,-0.34710640164262946,0.12467294395634025,0.9980148402702701
2023-03-13,1.4469227973761674,0.37815760638616525,-0.1877845945098501,-0.05729224819497423,1.8965000230239195
2023-03-14,2.064565400870578,0.2529835640035395,0.12205675568777928,-0.07965670617946839,2.04317287306409
2023-03-15,2.7134149350428003,0.1585960099733811,-0.21660129112067744,-0.06412439065802605,2.027369746312489
2023-03-16,5.0,0.10432130512897156,0.21578408153949835,-0.09190350211936923,1.9737451670931228
2023-03-17,-0.21279274906381188,0.10961873695108768,-0.0009646751683126662,-0.1835298805253544,2.3731699406646585
2023-03-20,-1.0892958369046564,0.009775912836431179,0.4598758127746788,-0.19318803754197947,2.3214415853353647
2023-03-21,0.3303191858522306,0.043303086906729404,0.8241601635229705,-0.2081136769062021,2.352214390035138
2023-03-22,-2.944183648273219,0.11535986204760651,0.5649543285245356,-0.17609871157242055,2.230141352409961
2023-03-23,-0.3968303769462752,-0.03659840610702654,0.42860715235814834,-0.21300161627715453,2.388867135095954
2023-03-24,1.4373238082481827,-0.12926100932794587,0.6132382817672097,-0.1814334871185503,2.2596669884455545
2023-03-27,0.5500991835530236,-0.12042114112494823,0.7190131739050196,-0.1652765563248644,2.2397411302366432
2023-03-28,0.030606662036479187,-0.07824038429903891,0.5976323460267169,-0.16951730078537375,2.138215283688394
2023-03-29,-0.30570581156943843,-0.003613609798131894,0.7110933681993261,-0.20882109615766098,2.229011366813428
2023-03-30,0.5083857900077022,-0.015621376165579673,0.6826650294539763,-0.19678752899750818,2.0870738081704863
2023-03-31,-0.15618321307637759,0.04732126552744094,0.7758133457604514,-0.21222084097779517,2.144236566719522
2023-04-03,-3.2317070963744174,0.04464680436654116,0.6950314571441446,-0.1843359440524723,2.102686479883478
2023-04-04,4.963056703748735,-0.03666679005355305,0.6690236241732971,-0.19782208776755403,2.140020534762461
2023-04-05,0.09885098379790502,-0.11367165974799831,0.7435411245841016,-0.19777185279826037,2.0957967207939108
2023-04-06,-2.554736338741988,-0.01427151402650368,0.8820101306716763,-0.19215764985892347,2.0197746245808976
2023-04-07,2.2261689356394503,0.12460945092736772,0.8518240144641263,-0.18706739748216863,2.049290322936707
2023-04-10,-0.01807099774340546,0.4374633742062464,0.8448306861975002,-0.2455488556899132,2.2189152666205496
2023-04-11,-2.03854093319081,0.5771206804794273,0.9265809411512308,-0.2645976142935541,1.8577458146601655
2023-04-12,-1.7335632868326998,0.622006664429114,0.8190095648606686,-0.2605846009362961,1.6961068525199838
2023-04-13,1.1488267237785612,0.6149002099029925,0.8292785911551337,-0.26879325467480436,1.6438715906500276
2023-04-14,-0.5604705413221068,0.660929834662719,0.9341810312116113,-0.2712313827872825,1.5880625721346684
2023-04-17,2.131012660815732,0.8511720979538437,0.9238310843684594,-0.23275869792004455,1.3230824485596777
2023-04-18,-0.08128665492341125,0.7853425906338249,0.7286175948150453,-0.2647807994989603,1.354718232729933
2023-04-19,0.559409735915794,0.7200779559372538,0.7294459757269757,-0.2092013088464703,1.0256834569958406
2023-04-20,-4.431616854066526,0.8629216999560388,0.5341701404543816,-0.18774153251428827,0.9585620131771067
2023-04-21,0.5593908038109583,0.8899052691373742,0.5500931908232233,-0.15136814737053672,0.7968488851338844
2023-04-24,-0.41838553131302975,0.8535344294353695,0.49171937307924574,-0.15781065808873304,0.8134917333906383
2023-04-25,-0.6436601484433451,0.7905052587090008,0.2632568313406898,-0.18593512930619696,0.893954193598568
2023-04-26,1.053817645282496,0.6569778491110426,0.368564148477782,-0.18991576487872336,0.8635660578438061
2023-04-27,-4.933042398651065,0.6634594445719806,0.5013451822996117,-0.22729922699807942,0.9000084945464336
2023-04-28,0.15967069474330134,0.7295581993424783,0.6235459921175857,-0.22262930274394868,0.8710705014658521
2023-05-01,-1.5861633593840587,0.7778088699441852,0.5540560271089546,-0.17513871092460953,0.6622231984050686
2023-05-02,2.4373067681102043,0.8130597798733936,0.16026781667636827,-0.1961637256912965,0.772271568976655
2023-05-03,-0.7809889318089986,0.7526642645199574,0.29481331041661085,-0.2078964506863461,0.8153080534301115
2023-05-04,-0.7858557347388649,0.6216020095416368,0.1956441611530745,-0.20251720185036115,0.880214738567249
2023-05-05,0.485296112631772,0.5933172445399769,0.4433854605165666,-0.22782509561385791,0.8655558628060346
2023-05-08,0.9978820775211201,0.5418678017066704,0.3890209643601922,-0.1597151391445372,0.6890004243541875
2023-05-09,-0.34780489891276034,0.553866965546677,0.14738315113888859,-0.16052738678650433,0.612507085907521
2023-05-10,-0.1729790580779505,0.5242021235012824,0.23590136109465354,-0.15998539010102897,0.5324752744518187
2023-05-11,1.7092083427892883,0.5540338226927471,0.1220870859840137,-0.13524186314995784,0.44369708934826035
2023-05-12,-0.3294983438543342,0.5292616308549865,0.16723924124059972,-0.12758823384872775,0.3615613379617899
2023-05-15,0.38733658985192715,0.5066636981623366,0.1616113861580354,-0.14153902053659873,0.3014425465314668
2023-05-16,0.21903897228060648,0.5257061555712699,0.0867810031018322,-0.13614498831021982,0.3724738563037816
2023-05-17,0.48418510566773504,0.545139181324303,0.2579998444795798,-0.15173639656099858,0.3075081345710898
2023-05-18,0.6826407362048443,0.6303818081702943,0.2906294339903037,-0.12962804256028168,0.3046974801698429
2023-05-19,-0.7624106406795592,0.6299060800130605,0.19657142200925692,-0.13380353675530893,0.34907326559670776
2023-05-22,-1.2127391325036176,0.6594976677233693,0.14487466050483702,-0.13629419803639825,0.3948669299371762
2023-05-23,-0.0012692479961162273,0.705880272284039,0.1116458319958496,-0.16331331504033608,0.4151684119491475
2023-05-24,0.534837715367914,0.813992822501686,-0.03544828834429628,-0.11990274530873848,0.2682934577813707
2023-05-25,1.1442920131659553,0.8094843986598868,0.07842788846212069,-0.12691332090040564,0.2277493372284864
2023-05-26,1.578509799692369,0.7634526143605546,0.15761597041277348,-0.143424511182796,0.19027611626906926
2023-05-29,0.19961386046940088,0.732689946874575,0.14244102964502117,-0.20187217727724102,0.25732951574628016
2023-05-30,-0.043652377014902856,0.713594451796094,0.08404669390881388,-0.2173797750166304,0.2952128026187922
2023-05-31,-0.41003768080716796,0.8222837662691989,0.07336420884616354,-0.20451240980829344,0.21131754403201825
2023-06-01,-2.8450153995349794,0.8787729005363756,0.3383407320394311,-0.1803609175239048,0.11958119879452615
2023-06-02,2.832548950312699,0.8969841570051352,0.5172078883503723,-0.20862737890038127,0.16177500821567678
2023-06-05,0.5051957748422723,0.8816932668196523,0.39333824148062196,-0.10823300532267771,-0.048323746210705766
2023-06-06,0.2729326209638006,0.8201858237553683,0.28674828629684623,-0.2111785856131681,0.29899090680094004
2023-06-07,-0.1590816230083086,0.8867304308099195,0.4238538115248197,-0.15086466017600628,0.14232640371513502
2023-06-08,-0.654683167331681,0.8330536958408199,0.3685268621189679,-0.16162677892097205,-0.017787978738224824
2023-06-09,0.6128902193702803,0.7893381171910087,0.3532764363195272,-0.15199869200326466,-0.004223662852627971
2023-06-12,0.4046529236236627,0.7707479277970188,0.2856366308811644,-0.10676745279182094,-0.04220364259554573
2023-06-13,-0.006023505793404843,0.7406207999759818,0.4002797860858154,-0.10741870604145758,-0.10392212565819438
2023-06-14,1.7497143281396181,0.6807102777879013,0.4285084849420807,-0.049386433912083874,-0.32066405215029636
2023-06-15,-3.2128853349901503,0.6815681860330048,0.3269134960625858,-0.07789112026934761,-0.3030008050316996
2023-06-16,3.9361871303735527,0.6914030091600992,0.3425406170823649,-0.12663603491098177,-0.16698556545942916
2023-06-19,-0.7442209331660449,0.6532157626377719,0.30752344979604324,-0.15306772958752565,-0.0688630062435942
2023-06-20,-0.10148830134825064,0.6216580062990478,0.34828719463162333,-0.24764918106961706,0.08042726988329947
2023-06-21,0.7597347494481147,0.6317653463064595,0.4781517673552868,-0.35261605010892016,0.30754701364984177
2023-06-22,-5.0,0.6114339743199125,0.6358330592461695,-0.34628142882159063,0.39394404433293473
2023-06-23,1.4138498171913814,0.5787252091794693,0.5095094789737493,-0.3982408868537396,0.48627976397199185
2023-06-26,0.8020756661432703,0.5360601642585403,0.29202485338426315,-0.3708473402508251,0.3524848285254257
2023-06-27,0.22786851096875888,0.5717566762995474,0.36460778354847945,-0.3984739418444017,0.32820757613122953
2023-06-28,0.2503902324591116,0.618270997275547,0.32301619481151583,-0.36426516733146086,0.22466048453325996
2023-06-29,-4.44721942426868,0.7202133770765426,0.30342947581977153,-0.39572562721599613,0.3412781846176357
2023-06-30,0.3138529064826064,0.7210636531202774,0.36780438175214103,-0.4015276822732574,0.352438537547246
2023-07-03,-3.5934978052840183,0.6522141080201495,0.27431051718751776,-0.4511223680817835,0.3967742741958492
2023-07-04,4.358799485902496,0.6588186659035976,0.2352208887481353,-0.446466350936961,0.4660959692501569
2023-07-05,-0.07598055314470423,0.6216034220966759,0.13247176708522995,-0.4666931314678195,0.26135036655030064
2023-07-06,-1.011790500249883,0.6646388316811317,-0.05269580833613177,-0.4392050449399346,0.1334716991277761
2023-07-07,0.4518381562489877,0.4845233620906564,-0.005445729493733291,-0.4815678073007196,0.11405990112934138
2023-07-10,1.0719890781488717,0.392217550765004,-0.055046436330873194,-0.48504477417857916,0.0709860225411639
2023-07-11,0.31160530837457173,0.27884752933894436,-0.042621733176741484,-0.501841471264715,0.07285205504708668
2023-07-12,1.305444483063445,0.091661665866737,0.12935655791815934,-0.48296399670748585,0.008069024312694533
2023-07-13,-5.0,-0.014714731918977193,0.07835265044279024,-0.5929700332185605,0.3150321648383644
2023-07-14,1.7557691099850299,-0.02863977386563274,0.006846027970822727,-0.5197624248601512,0.029301610320812087
2023-07-17,0.8039306790690984,-0.0012233098886798076,-0.1736561730280452,-0.5131258593686381,-0.0448329330460364
2023-07-18,0.36430748093702026,0.007719463948148404,-0.049262361404441096,-0.4910355488029481,-0.12538064594210752
2023-07-19,0.29934534358231607,0.010052807166066463,-0.045874783071552586,-0.4993160727491371,-0.18833203567161663
2023-07-20,-2.072276554510185,0.003093873822995739,0.008337528776763413,-0.4859792001044176,-0.38647049133015293
2023-07-21,0.32357163960429464,-0.002092946662027262,-0.0884339557841025,-0.4999968672982189,-0.4053471272240415
2023-07-24,-1.7902426374512919,0.0006467928421798029,0.06119516513562104,-0.41776547336877645,-0.6180504914019612
2023-07-25,-0.07660101483929574,-0.015464936577101452,0.0728386111078196,-0.4303379649831075,-0.6282212620665032
2023-07-26,1.6023635107807461,-0.06903068150824895,-0.041516648476347597,-0.45116957970660077,-0.6421891941896505
2023-07-27,-2.4456458347908407,-0.06599667418793573,-0.10586634574821292,-0.43718000964196524,-0.5697446485177428
2023-07-28,0.37970856351334853,-0.09401602760786325,0.012048896248222708,-0.45231610166562036,-0.6122832588182995
2023-07-31,0.1027677035061379,-0.07238909657152602,-0.08172122824151734,-0.4360924889037131,-0.653824273555762
2023-08-01,-3.083569652617831,-0.055982211286947414,-0.2709144091579105,-0.48707796713452256,-0.6123766384587735
2023-08-02,2.4057907485858965,-0.05365864306734632,-0.438479650467055,-0.4263987690947996,-0.7092007073625279
2023-08-03,-1.371060435944807,-0.09118254489697636,-0.2766838068355868,-0.4286779502004532,-0.5703507887018685
2023-08-04,-0.23084822864195786,0.006638746565722523,-0.44657786162122237,-0.416293830504368,-0.5108569624651286
2023-08-07,-0.6358875528427955,0.05034782708039435,-0.34831819005435144,-0.42253376025554346,-0.537904262838125
2023-08-08,-0.6502111531357916,0.18169776671098492,-0.4435670306027271,-0.48274387679208064,-0.42377035003626007
2023-08-09,0.9393288316426864,0.43261962973809204,-0.5586547861919782,-0.4553149838407609,-0.48318018668121404
2023-08-10,1.641667580127207,0.5368253820573541,-0.6706903046491187,-0.4414616208176809,-0.5705932703382306
2023-08-11,0.9696089460610777,0.5773117463204415,-0.6536122620233203,-0.43638767010704255,-0.6483560870596634
2023-08-14,-0.5268016695842888,0.5314373827049287,-0.603203981963118,-0.4298496157043258,-0.5953179629344612
2023-08-15,-0.8785627511951821,0.546407280493197,-0.9278728596022754,-0.39873779474314536,-0.5980654026435533
2023-08-16,1.579672216208599,0.5097950562524372,-0.995455529570268,-0.334521718612713,-0.6702018842999062
2023-08-17,-3.217925755989428,0.5094307281751117,-1.0184779467491942,-0.06387107556312502,-1.0523274796898614
2023-08-18,0.004403580252377583,0.32486220989467274,-1.1639195218827092,0.01966327750886853,-1.1593979016690918
2023-08-21,-0.8141937590565548,0.3993193285734933,-1.0799789352875615,0.01613693402627798,-1.0576513398686864
2023-08-22,-0.2295580924763258,0.4036716602392877,-1.069916975934041,0.03060994660473998,-1.0193126350417108
2023-08-23,0.31808441745133137,0.3298634774097677,-0.9404472996355153,-0.01740779856051378,-0.9582849183171078
2023-08-24,0.2280075720579267,0.3143591332460116,-1.0761175692021696,0.02173019911264757,-1.072929325384712
2023-08-25,2.372311878365624,0.34890851361722763,-0.9802622074671125,0.03856314302001314,-1.0483150103370384
2023-08-28,1.1874881332434883,0.32978482439288187,-0.9212514310216677,0.04032569800279533,-0.9813857485949884
2023-08-29,-0.6956344317529767,0.23552813376450255,-0.7114735188853654,-0.17610023532102795,-0.6712957282007271
2023-08-30,0.37421127965932427,0.1843792722179032,-0.4622924038579359,-0.11160053184636491,-0.8034677754365984
2023-08-31,-2.298901104870659,0.25639188181097194,-0.3896649391160603,0.08265387036267641,-0.8878550476783003
2023-09-01,1.0961276374162803,0.30832391163303224,-0.39966584377427133,0.10497054572679947,-0.9599068335130516
2023-09-04,1.9724816679745678,0.3265328689156712,-0.48188493472561633,0.11346964963528361,-0.8649200208897695
2023-09-05,-0.14029826848982652,0.3447373841700806,-0.5814378062199779,0.12082427970221249,-0.9732519720476775
2023-09-06,0.02147967669661351,0.3559064761143899,-0.6761023574248921,0.12773171715392584,-1.0259198335752513
2023-09-07,-1.6757089391858675,0.2883432076738236,-0.6267572037696919,0.05748538788990126,-0.878179044280566
2023-09-08,1.776327800076169,0.252161632036914,-0.5641058607282863,0.10964088869319008,-0.9316444939041246
2023-09-11,0.191085076610087,0.08793721351040489,-0.4345870070212473,0.23402289906267804,-1.0382590404338436
2023-09-12,-0.7563402313681779,0.08240710162196216,-0.7342140174699915,0.1343872964494213,-0.954641177492536
2023-09-13,1.4008384884563108,0.09713242906534417,-0.472368405144139,0.07214104584956331,-0.9244892965068908
2023-09-14,-2.9154885283557483,0.03601230556668387,-0.2373956004908826,0.02194618103587202,-0.8581462738074158
2023-09-15,1.2918401917417186,0.17155902580373084,-0.4070019617932059,0.01216199465707797,-0.8062637396651825
2023-09-18,2.241800986010579,0.10959874567811718,-0.39678738225722404,0.001880444291553634,-0.8153085167584763
2023-09-19,-1.4606898204256773,0.1353580853042554,-0.486292393112086,-0.061797071776851786,-0.735193065183345
2023-09-20,-0.12765589034387162,0.22269191004282948,-0.5710121629427752,-0.04064217060265969,-0.7819766448315818
2023-09-21,-4.902353337773099,0.1980345051941773,-0.9971929496334492,0.05269190661522414,-0.8863295003232928
2023-09-22,0.734991844095995,0.18052264157058334,-0.8968319395619955,0.05210287965183019,-0.8820567261464487
2023-09-25,0.5343244366818107,0.17085379291690747,-0.8502556215373401,0.1116120329356714,-0.8890263817324171
2023-09-26,-0.39470780370879144,0.22252053771449992,-1.1677353694830335,0.13007141431122982,-0.9067936818450394
2023-09-27,-0.1649341911741569,0.2768595044696046,-1.2304124103722873,0.11085702116493278,-0.99394547652111
2023-09-28,-1.8126041088560996,0.2823141772910334,-1.1047978285656224,-0.00033751853135889214,-0.8948776485812069
2023-09-29,-0.3563676731611768,0.2663053519495947,-1.1311816437997817,0.020573756606832652,-0.7923553266388033
2023-10-02,-2.808267773582937,0.27479527251057273,-1.233818765395551,-0.07508820868453422,-0.6722898404065663
2023-10-03,4.5792948451305,0.22483486001185254,-1.3934200162649386,-0.04978770805814105,-0.679086875650817
2023-10-04,0.3536068843315922,0.18680781309645555,-1.2072948862696615,-0.0920583692836883,-0.6524678994972009
2023-10-05,-0.7975547334035878,0.1388103009809254,-1.194579098351306,-0.008005145570300664,-0.6977553572615093
2023-10-06,1.902095572430747,0.1576516811099376,-0.9314858115977428,-0.09655154138766381,-0.6723383419882504
2023-10-09,-0.5720445350489504,0.29168164322458734,-1.0037251720186853,-0.016270610806487312,-0.6811165969955741
2023-10-10,-0.06586209051193687,0.22881430558496207,-0.8658665166545257,0.021656104830574643,-0.6844510105269054
2023-10-11,1.4785633016828237,0.1831251066571632,-0.8150607339995692,0.12062794263764745,-0.7623387143525754
2023-10-12,-1.7068777298249407,0.24221841739893318,-0.9609915844577049,0.14698236725232672,-0.768322081897446
2023-10-13,1.9847875602498632,0.21094712745156546,-1.1517801640268799,0.13163418700661372,-0.7459307851671633
2023-10-16,0.06563603355806491,0.194433943308588,-0.7900315172939977,-0.16156781652466815,-0.5142425043324332
2023-10-17,1.029169195339291,0.19278221616949107,-0.7933019991072995,-0.1373388472577525,-0.5351314940236391
2023-10-18,0.5247160868993113,0.22414928779043253,-0.9531482252047746,-0.11476885569238737,-0.596200944713305
2023-10-19,-3.6745240927048997,0.23176619980461466,-0.9445117625171642,-0.1811174109918053,-0.5049893888315475
2023-10-20,0.8519639093114664,0.1728335786427637,-1.095237112100578,-0.3528959328471727,-0.36165442120960245
2023-10-23,-0.7205385401035361,0.11721754314188676,-0.9541947663281691,-0.9095451793894775,0.03605250468015129
2023-10-24,-0.6245603743123185,0.09668871502915209,-0.5848961074578459,-1.0280268179775416,0.17092504152017218
2023-10-25,1.4246287945162932,0.06160850174983053,-0.8152521881384713,-1.1211412086486845,0.2244329475592703
2023-10-26,-2.7162604613774946,0.05489335520438351,-0.9669113350204802,-1.0676962196886561,0.1572403120583376
2023-10-27,0.1936789319978271,-0.06401150642184114,-0.9582702437916945,-1.023949409899451,0.05827994599657682
2023-10-30,-0.1353243013754825,-0.14298088993762967,-0.8449246866058951,-1.090699120888541,0.1262874123933094
2023-10-31,-1.311336519034088,-0.14562498173185887,-0.601833621440116,-1.0911070770574702,0.11352436542836458
2023-11-01,-0.08400574183350906,-0.16470226400096719,-0.5081189996907143,-1.19132761492365,0.18748843000597407
2023-11-02,0.7687339293438719,-0.18964686849422072,-0.22369901149680738,-1.1073675514815797,0.09084093074304195
2023-11-03,0.6261614162395375,-0.3130710288260808,-0.26954660651267676,-1.0646312393452684,0.06946469680614478
2023-11-06,-0.5066946525217114,-0.389694711474194,-0.18726111014262234,-1.0869629697618992,0.0679513343224968
2023-11-07,0.08943566198738487,-0.27117050346808613,-0.3189320662363884,-1.1389967869947943,0.12258554355542746
2023-11-08,1.30952002353345,-0.23955245274416176,-0.3513353405474747,-1.1660290077669473,0.15431156900125795
2023-11-09,0.5677507458626287,-0.26240092309757795,-0.4020707694534837,-1.309716185972125,0.2735995583330879
2023-11-10,0.6972336353490594,-0.24333158201397487,-0.09134524711397093,-1.3823998761412666,0.34802394025881195
2023-11-13,-1.1314398412208388,-0.19501564226671345,-0.1828129934193249,-1.2418235312388115,0.26614935714956883
2023-11-14,0.2994947118037897,-0.33545349260791535,-0.04905210681234354,-1.0929734516880545,0.15703484430817247
2023-11-15,0.7467615602416079,-0.5025453843874043,0.0883663109133764,-1.421734223740022,0.4076543708973202
2023-11-16,0.7097607268429639,-0.5123172650713882,0.15405306943347075,-1.1613144037012386,0.24789276835124147
2023-11-17,0.7039161554998767,-0.6189155795109431,0.3865222602962114,-1.2233504701015887,0.2508514269372785
2023-11-20,-0.6890725613395928,-0.7426568086375601,0.6079335488315084,-1.333258628728613,0.2371467760953228
2023-11-21,-0.5520257446328625,-0.7655524454860403,0.3924557177142715,-1.0835900803161633,-0.12281634126046415
2023-11-22,0.3920383284049541,-0.7096636144536639,0.5671336386935144,-1.3140111940129993,-0.010821167386212582
2023-11-23,0.527631371370567,-0.7732607396734915,0.6419921775055855,-1.278402544524503,-0.05294055064589604
2023-11-24,-0.15657909649097848,-0.6668988780213823,0.7819549862743359,-1.3266449265121452,-0.07515271841690033
2023-11-27,1.5034709829554653,-0.6622269788549007,0.7352941781438717,-1.2420455291657342,-0.10323559476439342
2023-11-28,-0.18121645238294848,-0.9810723357755269,0.652375750618623,-1.319199609743694,-0.00029901831175076476
2023-11-29,-0.3146080390927544,-1.030861972945026,0.566264619799205,-1.2959002910712545,-0.037436955316071004
2023-11-30,-2.4513009811910527,-0.9295109834849654,0.6103503324519234,-1.2465941495884465,-0.08186313983731958
2023-12-01,0.5126838634580696,-0.8566120545217655,0.3519247383127506,-1.3639296798243614,0.01976918778162653
2023-12-04,2.8509529622832135,-0.8870351627201644,0.1631777192169417,-1.7647447692774445,0.29995819953261105
2023-12-05,-1.3725897146417483,-0.9342488542217021,0.09241147429667294,-2.0118394799093156,0.4309824504895513
2023-12-06,-0.5870268699188973,-0.9969666270199495,-0.07974168338642124,-1.9595397468222506,0.3917512976412176
2023-12-07,-0.4942958609304284,-1.5419559513255816,0.1483400605061715,-1.8906326937633198,0.3888296646837439
2023-12-08,0.3455278176433791,-1.5712229376265499,0.3555639303154043,-1.9818314315741143,0.35529603282907074
2023-12-11,-0.1031277679227933,-1.4587808228135242,0.09971171840567174,-1.59076824954051,0.037953194065587295
2023-12-12,-0.6371166974376322,-1.4672841688368268,0.13925837123009135,-1.610661171566442,0.05430746252936821
2023-12-13,-0.17969767432530048,-1.359894242041376,0.022452184402432306,-1.781858480472572,0.18056440183033923
2023-12-14,0.9701228139946068,-2.1504542610502617,0.07783797160658235,-1.7878640702359085,0.01949802332720713
2023-12-15,1.1393826249901515,-2.0687918105505725,0.04176971082688653,-1.63299205939223,-0.007443463928890633
2023-12-18,1.9286096821878922,-1.8056823670579973,-0.06627419555300107,-1.696834260937787,0.0002334352287801065
2023-12-19,-1.2750973696225243,-1.736345636940785,0.04946923867713607,-1.641095165032607,-0.05581712941336792
2023-12-20,-1.4904297257127948,-1.8071922363604016,-0.19618342766277236,-1.7904736886666772,0.12377064413334034
2023-12-21,-2.599346447348263,-2.058867898489906,-0.17469949243830063,-1.791826824778366,0.06852860529340858
2023-12-22,-0.18916251940854575,-2.0212274819405787,-0.14573729532644836,-1.788355767201457,0.06247075055905034
2023-12-25,-0.07641423388201049,-1.9867267765152659,-0.0999869919845618,-1.7020840703629312,-0.008755843726337715
2023-12-26,-0.21919805595438716,-1.7786303748140075,-0.05330092818352927,-1.5428094572560243,-0.12275224457881055
2023-12-27,-0.7272276715912012,-1.778305583041386,0.0046364367952619,-1.651259045001782,-0.07726426645861673
2023-12-28,-1.0639010945862317,-1.8958224332727032,-0.009882754127601963,-1.540375203952815,-0.17878406154581494
2023-12-29,-0.40454620998698354,-1.841123173785883,-0.1599843689552286,-1.4672239667028586,-0.2197245522199026
2024-01-01,-4.7508755173607495,-1.7617431775452,-0.1558939805198182,-1.703281710783508,-0.12533659846507164
2024-01-02,-0.16265065853029856,-1.7554422157153453,-0.33166755233301415,-1.7886349686921716,-0.23962845961131654
2024-01-03,4.6283035274336655,-1.5430114335517229,-0.38476771410535054,-1.5100132151789034,-0.5752711099158303
2024-01-04,-1.9169851965154021,-0.9893099761784044,-0.541566659336743,-1.6509646178231308,-0.42647000464029283
2024-01-05,1.2824116914250563,-0.9977199915661024,-0.37607874351645953,-1.6293302604479294,-0.42102915591123996
2024-01-08,-0.8136014796339098,-1.1845426247291553,-0.19094118411096736,-1.9267388841422917,-0.14832564031156165
2024-01-09,-0.045874976370570336,-1.0470990804880276,-0.31743787972500515,-1.815123339314855,-0.029126466088819858
2024-01-10,0.28593884339426395,-0.9509979570671783,-0.19200205652067606,-1.846730536445287,0.0250181601924575
2024-01-11,0.188801095010763,-0.10307660353710424,-0.2712823403920067,-1.7889857088370225,-0.17651573136896606
2024-01-12,1.2553878000381795,-0.29285510634167217,-0.6705821308717802,-1.3630143895266966,-0.5939947290369563
2024-01-15,0.45251508081844544,-0.48153342987650855,-0.7538936328755721,-1.2962842236756476,-0.5596304043093592
2024-01-16,-0.19217126964738135,-0.4406740128597101,-0.670451175692527,-1.349163571806375,-0.5262212586036098
2024-01-17,0.35676231422022464,-0.3076224765456156,-0.9460804093151584,-1.265495302933399,-0.6102182974516704
2024-01-18,-0.6578596210097938,0.005570299037732246,-0.8279789860885818,-1.0716012406895035,-1.0868169807072299
2024-01-19,-0.8097169111258105,-0.0313165284403539,-0.6975555129862603,-1.10080700042345,-1.0806869982033886
2024-01-22,-0.29379220768662334,-0.026559812386450894,-0.4431548616112691,-0.8235700596238035,-1.4135523233827962
2024-01-23,-0.7137633163118199,0.014440705853968545,-0.5050344136654845,-0.8507165838656612,-1.2972353937455678
2024-01-24,0.5925082214091022,-0.11811066539211551,-0.4661489680039584,-0.8554530732528921,-1.1758777275146308
2024-01-25,-1.8036931863846994,0.08755721337995014,-0.6311259539248587,-0.8101810376230532,-1.255334414562444
2024-01-26,1.9471497008417442,0.031226096993499455,-0.6708401223541436,-0.9900480283329026,-0.9108999948493898
2024-01-29,-0.43629652883121306,0.030764688882478602,-0.4861167517646198,-1.1171370419266446,-0.6731902997105534
2024-01-30,-0.31788789152414726,-0.07069697492746849,-0.3436203624847976,-1.072297612597301,-0.8549404706548611
2024-01-31,0.03787045900665185,-0.3761202539842566,-0.7357762195211779,-1.0176328908601355,-0.9878365578269782
2024-02-01,-3.284660945909086,-0.5071675825278316,-0.4212995017215028,-1.0410818564924764,-0.7502491694393144
2024-02-02,2.742865496274873,-0.4772706833071795,-0.040814634292809376,-1.0188994690027182,-0.8421672843992121
2024-02-05,-0.32520027647994987,-0.2613291747824749,-0.19600664040766716,-0.9372185106515025,-0.9222137406689186
2024-02-06,-0.9866221055704818,-0.2994882618587872,-0.24415407641512646,-0.9661251920154497,-1.108656731675746
2024-02-07,0.4314209437113659,-0.43962332120477243,-0.13881729451450917,-1.0739228249313229,-0.8729087481283715
2024-02-08,0.4046069381121797,-0.37421588082920365,-0.16235592517557942,-1.1411467338244536,-0.6927743983384778
2024-02-09,0.3503594505471269,-0.04138594624168998,0.037691328987518403,-1.2735032176917525,-0.24016379679080002
2024-02-12,-0.9133424131490209,0.07489317738652353,-0.035331372069006564,-1.481958801410103,0.33584130913282095
2024-02-13,-0.44407614430817716,0.04892819163835909,-0.345682981763458,-1.451054024217444,0.40399795326450455
2024-02-14,0.6236549484957911,-0.008003190040823966,-0.05585074340870796,-1.606792449742509,0.6094349848901637
2024-02-15,-1.4414487256612676,-0.1936544257308334,-0.03039350745744504,-1.604262589108224,0.5940173333181512
2024-02-16,1.9101687844649402,-0.1789821564075244,-0.3209815185712958,-1.608328758676284,0.8318796349379045
2024-02-19,-1.0443502069642232,-0.10688308992241523,-0.4629340932145,-1.5554033107417369,0.6769927440315909
2024-02-20,-0.07701702674994511,-0.23782466316032683,-0.7392344115492898,-1.5761605984041658,0.9213804175878022
2024-02-21,-0.021340585904201053,0.08769502094525604,-0.6569435972378062,-1.5297801096358403,0.7209031118903044
2024-02-22,-1.127359034773181,0.10393690688124133,-0.2289028791261197,-1.4758139169639144,0.6636490233432255
2024-02-23,0.48058317564555786,0.13612627646933229,-0.3539784593436992,-1.415646342006948,0.6300421373406915
2024-02-26,0.7605947198497696,0.1752450268521965,-0.45032374104959305,-1.680358077633465,0.9591355389781148
2024-02-27,-0.16611118434344033,0.1867243573495806,-0.38877169325965544,-1.8501783538950365,1.1507908203210622
2024-02-28,0.06688187302241204,0.5218458852484882,-0.4266414736732718,-2.182988706561634,1.7391439929935273
2024-02-29,-1.6753077319153031,0.3897531587686079,-0.02011545879936776,-2.075603958257791,1.4557318282407545
2024-03-01,1.7162935060210112,0.455086639203606,-0.16385255035147803,-2.1387139025473116,1.4230360377837261
2024-03-04,1.5400645983920624,0.15662662250015644,-0.4408328215820807,-2.4732147705741125,2.0365330162434994
2024-03-05,0.005993614142148987,0.22776771309843175,-0.5579598318779809,-2.1985783586221324,1.6770040545247946
2024-03-06,-0.1159155393885797,-0.029239629326974877,-0.6482705321378035,-2.316111173601287,1.8044566910714819
2024-03-07,-0.581120460763091,-0.38671336478037044,-0.4341551929388041,-2.354759198843496,1.911819381753728
2024-03-08,0.5421865689473139,-0.7130878842623511,-0.8242019643586843,-2.4068106429734737,1.9503511872043222
2024-03-11,-0.22560258062047228,-0.8148415173797326,-0.6377253016357808,-2.6030250111011344,2.115948807087041
2024-03-12,-0.9092988342175573,-0.750368660658692,-0.23645012528120854,-2.551427675112481,1.8521397531869306
2024-03-13,0.06437333852288397,-0.838878090310063,0.12758076300814863,-2.624293845687352,2.038993443691037
2024-03-14,-1.1222447023249857,-0.6139613807663037,-0.268194618089948,-2.522034861296629,1.718571310971344
2024-03-15,0.9437176684131735,-0.48003187833447564,-0.4607534087986633,-2.4089097724294652,1.5687063505895997
2024-03-18,1.7091761547640951,-0.5313123300481779,-0.4786904545979286,-2.285165057561421,1.3058878545103454
2024-03-19,-0.7015507255133294,-0.3338703748785024,-0.21927824508081165,-1.9384848710236815,0.7499700391853351
2024-03-20,-0.1774588842886552,-0.2920376268037773,0.02731903963490824,-2.279259400783909,1.3413341512246169
2024-03-21,-2.9275729912511377,-0.5314228117540688,-0.3372908685353757,-2.1326594409147694,1.133772859764036
2024-03-22,0.8502882083858301,-0.5543330148877887,-0.32659048525621837,-2.014471534889979,1.002191038265961
2024-03-25,-0.4254383434269658,-0.6241207256419768,-0.35094736776970753,-2.3330328652146215,1.6254623023839703
2024-03-26,0.12358125577921436,-0.615134494811812,-0.356813826098331,-2.3031089564153353,1.4004681968044561
2024-03-27,-0.558268106916962,-0.6870857453586671,-0.04412118118649689,-2.271151179247838,1.2317160218249257
2024-03-28,-1.140878372723772,-0.4479788627530591,-0.23806835131809412,-2.3358431129280595,0.9492970067029859
2024-03-29,-1.9303968037829382,-0.4625089090412287,-0.15790826721173,-2.287531046986305,0.922311328547553
2024-04-01,-0.020149368916345677,-0.3013573977816726,-0.5629367679834615,-2.266457427382621,0.9097858736297402
2024-04-02,3.914405132734359,-0.1982695639192928,-0.823611508984069,-2.028176682722417,0.13992986087327244
2024-04-03,-0.13424145449597488,0.15670106377226814,-0.47813694559323133,-2.0542219623147124,0.4490245201753901
2024-04-04,0.032009787593049475,0.4527459173227622,-1.235560898009061,-2.1906579390580885,0.5129914208543066
2024-04-05,-0.0489005535671442,0.7317791371162352,-1.286024983035392,-2.1477266170033946,0.4477269163352258
2024-04-08,0.04430913658432225,0.9896972029529821,-0.8166947562103559,-2.3085647302900525,0.7371417992650788
2024-04-09,-0.2442787986175296,0.8775826131666896,-0.705629320713876,-2.157584234930022,0.20063912087569977
2024-04-10,0.12838645216853561,0.8595452404577839,-1.3396180980623211,-2.218619882495229,0.5561392891578799
2024-04-11,1.5013104570346927,1.0913445967320214,-1.1500994465635865,-2.1630521283987747,0.4461823557118739
2024-04-12,-0.2997272770045161,0.7636891349727879,-1.6649078102923678,-1.9834634478098765,0.17369676929074174
2024-04-15,1.2547834146982115,0.760608988364349,-2.0371716145617382,-1.750871421083618,-0.16460906023094696
2024-04-16,2.022066421614338,0.7534390940409273,-2.733891402786586,-1.7284358579221648,-0.103852612916014
2024-04-17,-1.168513642625314,0.7732887513175866,-2.625028723491918,-1.515672164353695,-0.1682910912925992
2024-04-18,-4.7843277742411665,0.8542951006141463,-3.027408417316037,-1.5977974491921145,-0.11246589790094162
2024-04-19,0.17069918297314438,0.9280423828240949,-3.3667008260259403,-1.5815532816893025,0.040314019772254885
2024-04-22,0.9237505170767529,0.9514324298948765,-2.4729895220387466,-1.7006721757344885,0.45849251413903563
2024-04-23,-0.3255678958299078,0.9634237987784389,-2.099753096249966,-1.6647206713598914,0.09701479596600446
2024-04-24,-0.7001558521651728,0.8731169086668245,-2.019645871181001,-1.535116736822731,-0.2523137256309399
2024-04-25,-3.9875952851192267,0.9529860838421583,-2.04825452024287,-1.5299412948701323,-0.3172630745950582
2024-04-26,-0.0796167826052706,0.990523387949864,-2.0058697384768123,-1.4716940525713609,-0.42261590634083473
2024-04-29,-0.5075806171844369,0.6006273629086429,-1.6458112164634167,-1.4488359317903796,-0.3432053462396321
2024-04-30,-1.0752771274155855,0.5894915626652854,-2.0207625110852976,-1.2482461136074927,-0.7413921617165947
2024-05-01,-0.7203384882901434,0.6680828543756171,-2.3565468688186337,-1.0927243954269752,-0.8444504393521213
2024-05-02,2.089654150952167,-0.9658406146423387,-1.942119177358302,-1.126039180364144,-0.7330295604788042
2024-05-03,0.27889194739035067,-1.2311890231250722,-1.3398732825762063,-1.3258722732531654,-0.46773677475416375
2024-05-06,-0.4960039658910423,-1.2869799640560171,-0.7906539181865422,-1.3057781480449935,-0.4993593976230649
2024-05-07,-0.4548976293756233,-1.2022098437568531,-0.7850291792716981,-1.2086227801770237,-0.7811826067744952
2024-05-08,-0.13701438129581325,-1.172656679822042,-0.7290777285770634,-1.1043282799939824,-0.8400611909842989
2024-05-09,1.0061828021349235,-1.412483164781047,-0.7644618099158931,-1.1743429023028529,-0.9257283707596137
2024-05-10,0.9130653812155066,-1.3436361855725023,-0.2297976266104384,-1.0281610540673218,-1.0562492229038385
2024-05-13,-0.6587993912444634,-1.2600297095309998,-0.021887331222629272,-1.1077241374991007,-0.7805646935105091
2024-05-14,-0.08314356732818516,-1.3046306252974802,0.16425884115082587,-1.0225123528929687,-0.8003650320090789
2024-05-15,0.6976428755952914,-1.7281059147718396,0.3471832722458214,-1.2410377884775345,-0.2111456048652279
2024-05-16,1.052446988012394,-1.7183867684731116,0.4389956993341637,-1.1641902085562472,-0.26543193129282505
2024-05-17,0.864111852883367,-1.631717551204443,1.026639479854537,-1.2325321841436783,-0.19290722237154012
2024-05-20,-0.9239255929869016,-1.4842933842561674,0.6090644142707218,-1.4069888980071994,0.25465821229609564
2024-05-21,-0.9508428454568715,-1.4814226938971906,0.6888450755861691,-1.333667556086053,0.02682325410275114
2024-05-22,-0.0037615772408374935,-1.2818790690443482,0.18896635348806662,-1.2827272931383988,-0.06017415469271903
2024-05-23,1.3201994613854893,-1.1908396681968723,0.4168861958203427,-1.2213883156264709,-0.2606692355518581
2024-05-24,0.7602403260042689,-1.4044524682933588,0.29217005379126765,-1.2412077919555597,-0.300980509067393
2024-05-27,0.9011505780162987,-1.1625264426019328,0.2842581810838655,-1.2537122623504109,-0.45575388560809865
2024-05-28,0.061359036492248324,-1.2546846620146068,0.17831243693971655,-1.1781152091202964,-0.6737624000481615
2024-05-29,0.301650908100209,-1.2251391910406653,0.000990720930179722,-1.1230540625443597,-0.7347576965021653
2024-05-30,-0.7654725262986689,0.1967461177313556,-0.2538921944855736,-1.125880821991857,-0.7386867771338468
2024-05-31,0.21058430844921966,0.6162591960122153,0.19173020069124494,-1.039311186526386,-0.6794549395593777
2024-06-03,0.31486258609606377,0.19491642590481928,-0.12033714256476764,-1.0450538156868172,-0.8437367329716136
2024-06-04,1.291307907681953,-0.3071300508223327,-0.44263528749521797,-1.0998128188771545,-0.5686283973153031
2024-06-05,0.2787573502069527,-0.3264867765553412,0.11004707086154497,-1.0955109383505361,-0.5282037514424323
2024-06-06,-0.6317205989839147,-0.5100315952359598,0.23725601159980444,-1.053785044319279,-0.6803222136025785
2024-06-07,-0.1960229715334231,-0.38792162229007204,-0.0526077102607742,-0.9720195837391044,-0.876590316305052
2024-06-10,-0.40707018420190505,-0.2637757554035327,0.020261476291685353,-0.9462085123622833,-0.7301058385507312
2024-06-11,-0.4735272302467789,-0.20814531311881,-0.04218119616889745,-0.8403432510259853,-1.0387155135054909
2024-06-12,0.21716007057413436,-0.17251456440394858,0.23956465602846938,-0.866453009338891,-0.7832517637287456
2024-06-13,0.10877691039765856,-0.017659991237464066,0.03261465567031121,-0.7920638295831671,-1.1269609339897046
2024-06-14,0.47957443163890817,-0.14804864192772427,-0.07421857938785612,-0.7514158187701067,-0.9196892368891438
2024-06-17,1.0964700325573784,-0.233646276291406,0.01717029574852361,-0.7586993954511962,-1.148656375847617
2024-06-18,1.3693078338432683,-0.0780740575445653,0.27161686794483547,-0.6862743594494225,-1.3456542862324363
2024-06-19,-0.9736721555879039,-0.2284350992248427,-0.008431696268234187,-0.6701165028351569,-1.1482948450366375
2024-06-20,-1.3278939585826603,-0.2168023384352019,-0.4329615404984651,-0.6606742599443004,-1.338090808166022
2024-06-21,-0.25655481107524036,-0.08861112553463464,-0.4238935547548214,-0.6230474293640726,-1.3011687776228797
2024-06-24,-0.6839968485320648,-0.03473350941174377,-0.4935029900104738,-0.4396545563651208,-1.6792363602181573
2024-06-25,-0.30912802745167317,-0.010673627901815684,-1.216789124421605,-0.4970025020412227,-1.6429593843274808
2024-06-26,-0.6848812541996219,-0.08662751055426514,-0.38325835781106826,-0.44322462834273585,-1.6912795229478663
2024-06-27,-1.9918035442608788,0.3484459150387264,-0.40288671161114953,-0.4718819043568985,-1.4299262728348727
2024-06-28,-0.8839866772935691,0.3033047947280791,0.056687157149976596,-0.4098700226923479,-1.5339937329565234
2024-07-01,-3.070646940032682,0.961116668407721,0.09064592187661825,-0.5092958315447124,-1.1903087456862473
2024-07-02,4.6597548138100136,1.6318978439150238,0.1853781758784852,-0.46103285765354846,-1.5008756385272815
2024-07-03,0.32426479532624997,1.372749918896483,0.2926972198298598,-0.36482316875386395,-1.6878360241460189
2024-07-04,0.3683784960389824,1.4092840861606915,-0.009707096858399865,-0.20518726331765133,-2.1925596875605193
2024-07-05,0.10644839020814632,0.9692413640525507,-0.4948481965284712,-0.17211436677319714,-2.1048576877179253
2024-07-08,0.9348429769129042,0.46173134362799795,-0.5039768475258487,-0.1520717208963563,-1.8724034897683637
2024-07-09,-0.50999311147709,0.5108418835478913,-0.6074163006063112,-0.20765427495711897,-1.6560013412083736
2024-07-10,-0.09016446389597461,1.2875130996504136,-0.3213678898549942,-0.18664946855891723,-1.5372339081483415
2024-07-11,0.8066110358933252,-0.4572374133685709,-1.0105341714210392,-0.1579516028643857,-1.476968248523756
2024-07-12,0.5648435330400792,-0.8257766933768574,-0.4863494309310844,-0.17616697389478284,-1.276524990309336
2024-07-15,-0.0037448141093241122,-0.979034812659459,-0.4045384905353249,-0.476565370519752,-0.4463966344783565
2024-07-16,-0.08194931302303374,-1.0004565447375233,-0.0003059916149719338,-0.4778276043682539,-0.3857539665537263
2024-07-17,0.20242940679285348,-1.598842445351955,-0.6947011124175357,-0.428091481717864,-0.4661735276028241
2024-07-18,-0.4551026361201183,-1.6712542617703516,-1.80560226983618,-0.41316016605463807,-0.5634901173254174
2024-07-19,0.2763411119029312,-1.6354267687405202,-1.7780045344749427,-0.5200125021633833,-0.2557758234885148
2024-07-22,0.3992482365471795,-1.6726943520592454,-0.8474286583277238,-0.5441600530156024,-0.2001613504079509
2024-07-23,-0.34614585793513775,-1.9020708727714684,-0.7526421112520714,-0.45935460329036965,-0.31468433761579573
2024-07-24,0.2300057582651809,-2.8944764978520414,-2.56535726850722,-0.42021945959068496,-0.4094880699814002
2024-07-25,-0.8184790420113696,-2.921320754513674,-2.591233819298712,-0.4243439227575475,-0.3087988215858075
2024-07-26,0.6418908057861982,-2.863820270499987,-2.0277081853650345,-0.499342849172385,-0.07177283527788365
2024-07-29,-0.046979112722563894,-2.998821697262852,-1.7988040545856148,-0.4321490790096818,-0.07767627617669594
2024-07-30,-0.01465527378233535,-3.1079280678322507,-2.5444283449893583,-0.3881800299063731,-0.24769441937736647
2024-07-31,0.6527127424862008,-4.133478495037461,-1.828875162531662,-0.3120185369715681,-0.5265320119498488
2024-08-01,-2.239208234237856,-4.179135728883404,-3.774266880519443,-0.32795184096483465,-0.4564151830865269
2024-08-02,1.8898512585769671,-5.0,-5.0,-0.14188681451796,-0.7941709118065544
2024-08-05,0.3863649676404186,-5.0,-5.0,0.22094363194901667,-1.7597717237385293
2024-08-06,0.7077223104184773,-5.0,-5.0,0.12234018622300577,-1.6995536924503076
2024-08-07,0.7714250393084973,-5.0,-5.0,0.1758164961898167,-1.801851760990813
2024-08-08,0.5853970761751432,-5.0,-5.0,-0.13057673619615295,-1.1471533090547732
2024-08-09,-0.3136615639096158,-4.788081936561741,-5.0,-0.08197953237505141,-1.1880020675713787
2024-08-12,-0.17473725206622095,-4.5461500078907,-5.0,0.0007598381980448874,-1.5141801970802358
2024-08-13,-0.33330717039185936,-4.765032874374735,-4.626532363306337,-0.05232334658538458,-1.628758404731395
2024-08-14,0.27567309209198887,-4.412075851712539,-3.4090782174852743,0.03687934573750842,-1.9182671013834873
2024-08-15,-0.6171049949739947,-4.083234717384827,-2.2953445030743906,0.09538659202042922,-2.0833985720636368
2024-08-16,0.7147606307566584,-3.9943743480322347,-2.15988451230801,0.035125814879913994,-1.847447672724578
2024-08-19,-0.5190521550271399,-4.305999208626724,-1.8487223054393453,0.015445004327552688,-1.8285162401251316
2024-08-20,0.012632204994289674,-4.2445574419038845,-2.2914002358918806,0.04076217653001083,-2.0540674149822307
2024-08-21,0.7568071926368639,-3.670603427159423,-1.60974298446209,-0.05215043541601975,-1.867253406732662
2024-08-22,0.32512372830924674,-3.675026312530344,-1.9565419967112614,-0.005781649862922179,-2.156156390942732
2024-08-23,0.3120919261919939,-3.817048379462093,-1.4475665860244677,-0.15968541411290813,-1.6805509504682954
2024-08-26,0.192612747228959,-3.8868264846345704,-1.2984563222756,-0.09428152508095176,-1.9080709936407458
2024-08-27,-1.098918239056557,-3.6591559138369267,-0.9454947450708485,0.06057266295661469,-2.4385531986380973
2024-08-28,0.379952941878,-2.7095883668043443,-2.6259729783631416,0.0856511111173763,-2.2864739073580065
2024-08-29,-2.0125606589674274,-2.458235555576157,-1.718843450829552,0.07168854196503423,-2.2868573299941404
2024-08-30,0.2400808761316378,-1.3345480611357599,-0.4127429814429018,0.08805582694189987,-2.4108157938365418
2024-09-02,-1.419931785990728,-0.08749166043780499,-0.8149071793599824,0.09772525049910984,-2.29729974308825
2024-09-03,0.039359604583582605,-0.2513509732252347,-2.5206316001717854,0.17997905609916381,-2.2575944158029118
2024-09-04,2.7311664785021192,-0.8292371568421109,-2.9635951056196785,0.1565571845512576,-2.2434403572520174
2024-09-05,0.531461825580289,-1.037084329298126,-2.2678120555365626,0.24682024642988482,-2.426608299362191
2024-09-06,1.530712087568834,-1.233231906899328,-4.441902061550291,0.35978318229490747,-2.890939631362078
2024-09-09,-0.19749758991011393,-1.313591099863188,-3.039001103845917,0.21456944982983508,-2.4516101176159975
2024-09-10,0.29273005697115506,-1.2255019501138342,-2.8314992536410197,0.1866935709099066,-2.216511120031712
2024-09-11,0.47015771747050206,-1.279654211543097,-2.3517118790768587,0.20375819350509164,-2.0869543294067947
2024-09-12,-0.45168283686918875,-1.2266837186103456,-2.213288901632135,0.16850976071678542,-2.132509662683411
2024-09-13,-0.33795016317715737,-1.5160143149338547,-2.2852656160553937,0.05836230818655378,-1.706131896952246
2024-09-16,0.4294873900528022,-1.204146941032529,-2.25983914474676,0.1789001790422204,-1.9558705216912786
2024-09-17,1.5813393077043463,-1.012887915384284,-2.7568166477670246,0.08432836808395101,-1.958342438034362
2024-09-18,-0.4834030077216531,-0.8068476045726827,-2.747286113840962,0.027828317726585033,-1.7760701327602217
2024-09-19,-2.267753884920659,-0.6858642201034113,-1.6857710039925489,-0.017297510355250116,-1.6279194764855534
2024-09-20,-0.11799672159962156,-0.4496806919203143,-1.3988700413781598,-0.01345898477273019,-1.643782705018724
2024-09-23,-0.8406657448790853,-0.35499527670053677,-1.5869258418104768,-0.005812301760025435,-1.7338127767978944
2024-09-24,-1.2624855322353006,-0.2610429834116496,-1.0218947065483535,-0.04349896714288299,-1.5971866635366967
2024-09-25,-0.2284268278462018,-0.2070042834145676,-1.3072659380855118,0.009737797209005843,-1.395904657978502
2024-09-26,-2.913355137561741,-0.18961484314948698,-0.8608062790788997,-0.07322122553974283,-1.252307748955599
2024-09-27,-0.2006457177653601,-0.699767582887442,-1.3909712633581397,-0.0949083504336362,-1.2768671769629336
2024-09-30,-0.3153852132179529,-0.7073110225069201,-1.5726033342783252,0.018952829732976347,-1.4420102603473763
2024-10-01,-0.9296416270362832,-0.5060168103756886,-2.0054188924012877,0.13391054308509204,-1.7366861250613683
2024-10-02,3.1872709068565914,-0.10118517817038429,-1.7763192215835535,0.14649407149976246,-1.5710374439034247
2024-10-03,-1.0442631771740791,0.30567556186399475,-2.579544429034512,0.14372360041266716,-1.6119661252083497
2024-10-04,1.517503542204948,0.8421400898587957,-0.9548050357280293,0.08723262672022215,-1.4073545031452361
2024-10-07,0.4657809691326501,0.9472086282146284,-2.468094475190673,0.08805824820656474,-1.1863141659178245
2024-10-08,0.32246222366961014,1.11040370024942,-2.1117614950232353,0.09575394233204468,-1.1998544127474065
2024-10-09,-0.00560810797492987,1.3919372838929762,-2.080769408366187,0.1694304546702424,-1.375487733022295
2024-10-10,-0.6910341177832879,1.1639783557102552,-2.4444311798175486,0.18669635386517236,-1.4298111400921727
2024-10-11,0.8469982568509382,1.5444870747964263,-2.4338015379134172,0.09056208884667188,-1.2915919594112828
2024-10-14,-0.22330262448110258,1.5129900733524686,-1.8626124185765842,-0.04951196265376987,-1.0178443960032424
2024-10-15,0.049163277902014205,1.4046934283042705,-2.167877861076003,-0.08074269355316412,-0.8797172659844863
2024-10-16,1.6442919628561095,1.4027356244685156,-1.273793588452566,-0.09536474590497251,-0.9272559549038476
2024-10-17,0.6744582712537427,1.2924239430163245,-1.925083878657923,-0.07337198647738201,-0.9113672991340103
2024-10-18,0.44710522569184885,1.1254817075301713,-1.199353849090058,-0.10854306367572678,-0.7895093326777752
2024-10-21,0.11280986338528798,1.2874576908167965,-1.5471791313979077,-0.047900439016152596,-0.8030315854644882
2024-10-22,0.04075216086564715,1.332346788294481,-1.5688418364544279,-0.03523318143711798,-0.7836567118428382
2024-10-23,0.8852550123237897,1.4113387887006241,-2.055935105994185,0.006630602122112746,-0.8313549263615256
2024-10-24,-2.795904263285371,1.2207697605032994,-2.1131710049248804,-0.06152652289797301,-0.5489969288203744
2024-10-25,2.48100111582193,1.6312039871586004,-2.253002871717011,0.005346645604004215,-0.7293521733967332
2024-10-28,-0.8045208030473027,1.710456956284619,-2.1733297893646824,-0.11931593736493039,-0.5292035982752037
2024-10-29,-0.7757027949316759,1.592744301641959,-1.6750552689323663,-0.22206312311102014,-0.2074958215609363
2024-10-30,0.2965797162551767,1.4476520596743696,-1.975151790642605,-0.1990405860808262,-0.02000487358829906
2024-10-31,-0.10250715039900406,1.2458791680085173,-3.0138295560840183,-0.10109810175681605,0.018346541294031862
2024-11-01,1.0809918992093193,1.1263073825317247,-2.901609952524056,-0.05783277489786799,-0.12597656300079674
2024-11-04,1.748789159328608,0.8901509874415274,-2.62169258848353,0.019589484487885677,-0.23299117463717758
2024-11-05,-0.5124598745042054,0.7895635769919739,-2.2181969926824805,-0.04050041826796455,-0.2933130674943556
2024-11-06,0.970119568130585,0.7932576057783253,-0.86073369045227,-0.2849848163870395,0.23113195564500563
2024-11-07,-1.9814424503169048,0.6981042508255396,0.26679046337257817,-0.29079321557083077,0.24458572186555827
2024-11-08,0.6725232748291453,0.5184871730528413,-0.14285898803646485,-0.30973248000655795,0.2845891505771647
2024-11-11,-0.0820018714017599,0.5508220054887895,-0.025869821917817885,-0.7118729143426387,0.9541012605932776
2024-11-12,-0.03548742562343876,0.6391697194818114,0.07557887655166672,-0.6748992751960595,0.6947035543484927
2024-11-13,-0.5059920233852357,0.6858759033471552,0.2559672314141342,-0.7462138305212376,0.7751776802836332
2024-11-14,-2.7176194338626085,0.6756353314958746,0.11749760572289883,-0.6322623669734408,0.5610495549519611
2024-11-15,0.9263049585403017,0.5652020672154893,-1.1780867185432042,-0.7460880967525416,0.7976461377965034
2024-11-18,1.6005922678725617,0.48275720677243095,-0.8344206948304967,-0.7141034526499969,0.6737593487344364
2024-11-19,-0.8912358822470079,0.2802757630595449,-0.735134304078354,-0.7509350560069391,0.7839859920343684
2024-11-20,0.001619968547475565,0.20807950560518515,-0.7160176861771581,-0.8028135528643527,0.8264715574065056
2024-11-21,0.7789881500262306,0.23982859364685122,-0.5883238670676318,-0.912792295335082,1.0957470969577994
2024-11-22,1.0884960541331508,0.24466746531330968,0.17878239422708436,-0.9193984043824841,1.1065542862426023
2024-11-25,-0.45139997708471696,0.08768678586648396,0.6309550336260871,-0.7422161803398781,0.893126686209036
2024-11-26,0.6687208134899046,-0.20113328130991334,0.4790353772196124,-0.7048746042781013,0.6976078246843107
2024-11-27,1.480295376594999,-0.7073656786690217,0.47259753798242493,-0.809285168784993,0.7704080953467108
2024-11-28,-2.1604820582323576,-0.6538086181721795,0.5618908936127388,-0.7886962900037561,0.753327818859761
2024-11-29,0.08577895692542437,-0.7529074946994504,1.5825533241309806,-0.8317146464722691,0.9331460078656506
2024-12-02,-0.960925531627828,-0.8898397658505486,1.5698666876391856,-0.7646144235942652,0.879808845255062
2024-12-03,2.291062452274606,-0.8297267433369429,1.7635350273291976,-0.7522090157252433,0.954983204475191
2024-12-04,-0.8102549431274882,-0.8448134806912108,1.4101781773694015,-0.8220162168820633,1.1030980938826054
2024-12-05,-0.7616919269009602,-0.7272250819111284,0.5824531811910207,-0.7551361688618191,0.7404822041390839
2024-12-06,1.1503527155924484,-0.6401882585607194,0.3446398915050142,-0.8345382159410942,0.8839520064688493
2024-12-09,0.14723594486567593,-0.6333647730143459,-0.24770809934558674,-0.7485002333062968,0.7738513086847532
2024-12-10,-0.7884980765823933,-0.632507100359051,-0.5311532754344493,-0.722026821925921,0.4239942057157664
2024-12-11,-0.6737190724380895,-0.70516471298973,-0.011439471799400965,-0.8342088483099481,0.6085962409630415
2024-12-12,0.42729935801010194,-0.7317312121032217,0.0364170169035271,-0.7921603152664234,0.5465979011819091
2024-12-13,0.5500069636439793,-0.4685550699221678,0.11253012707268067,-0.8219147579391172,0.6424367371263662
2024-12-16,1.0849064117207095,-0.36001766660899853,0.6227815861553474,-0.926750348490575,0.7262608795782243
2024-12-17,0.8782045363804997,-0.4010234677634132,-0.02252325465345629,-0.9096863286550597,0.7819185220804781
2024-12-18,-0.24769690769529903,-0.41471970086540605,-4.441921699232165,-0.7419066136189346,0.4633226614201965
2024-12-19,-0.599362453625719,-0.2080496463079108,-3.935219780413637,-0.667057172602982,0.3316831934665342
2024-12-20,0.7721335241081614,-0.5644040059747124,-2.147003849606227,-0.6705740316960055,0.2267750631405254
2024-12-23,0.47659742041888575,-0.4526653531782052,-1.4692941179041685,-0.5727399106651416,0.12465691568437666
2024-12-24,-0.6490042835445728,-0.1405887661371452,-0.3471634232773056,-0.6799909663327652,0.33127515032870397
2024-12-25,-2.4001835796118463,0.521615702144322,-0.3605001713520806,-0.6914101742717325,0.3863328412928076
2024-12-26,0.008683585805398396,0.6413550933405795,-0.5829736949211103,-0.590247458290211,0.2312862104689335
2024-12-27,-0.5737536616941796,0.6489085142451493,-1.2292396641799355,-0.5360077454007214,0.2724566137421219
2024-12-30,-2.6442669812912265,0.8865713473434984,-2.330180547166398,-0.4771442611493357,0.18132701428723186
2024-12-31,0.2839106379205207,0.809501425281012,-2.7032762724078543,-0.4973280383869289,0.24362632286332378
2025-01-01,-5.0,0.6679397696984233,-2.449210268543629,-0.5147676988409334,0.234123057933189
2025-01-02,0.445087827598867,0.736030729812811,-2.646482207662567,-0.5847621308600097,0.2862001966224654
2025-01-03,5.0,0.6968348961823273,-1.6038626910646798,-0.6120441694874137,0.38817647604251987
2025-01-06,0.2132675240692547,0.66600494718582,-1.166072184864125,-0.7029078339324636,0.49757596568134904
2025-01-07,0.20804288387151187,0.5675787575320282,-2.1804683209127975,-0.5513218394057232,0.20428383045090281
2025-01-08,0.8200112440604492,0.59165099370267,-1.9153997556827302,-0.48827381808729553,0.0918407225820421
2025-01-09,3.3294735454559183,0.5668857376656897,-2.0701620259217752,-0.39909471383347395,-0.16386891181032467
2025-01-10,0.564579742793283,0.3118745365521142,-3.2231937331732166,-0.454390825981806,-0.05789677532554872
2025-01-13,-0.4325189334188985,0.287262861600517,-2.8492357258327194,-0.4319210393852814,-0.1555052693760036
2025-01-14,-0.13003370636176736,0.49091255934839007,-2.526928009055063,-0.48244424535285757,-0.16628976636984547
2025-01-15,0.9034003306151346,0.11552500733928739,-1.0997388515787077,-0.5900234442895064,0.013117190201999687
2025-01-16,1.1661340459498595,-0.18476586366416878,-1.225729891419809,-0.5637707020984319,0.11383299611904556
2025-01-17,0.9301241290108566,0.24149176820096444,-0.7282111218859912,-0.6748104998265415,0.3488615922606263
2025-01-20,-0.8719825530156042,0.22713853004668266,-0.5070395802671409,-0.591030244422588,0.21328467055757216
2025-01-21,0.11786154431172885,0.035164464634177335,0.7242315948874282,-0.6910215285841022,0.42047564106711327
2025-01-22,0.8244501021942192,0.13106038108984003,1.0123686353967325,-0.6137358539963528,0.24841111333787189
2025-01-23,-2.418314061318355,-0.01875840797787743,0.8409722118073035,-0.6136311922905445,0.21178151334243817
2025-01-24,-0.21378339351797615,-0.0535351058767701,0.5277622805890572,-0.6263115305802492,0.24932438983928049
2025-01-27,0.9109417364275375,-0.2958791452632122,-1.0067100810801124,-0.5348335771307727,0.2317133677468176
2025-01-28,0.4271492544752608,-0.2611878179316675,-0.3374245495804406,-0.5130331566605206,0.4214905740391635
2025-01-29,-0.7164078833139069,-0.3040979495730546,-0.11043506680482099,-0.5822459411602601,0.4783287386796976
2025-01-30,-4.569200578874954,-0.4364971587787502,0.3760383697657024,-0.6185179170217528,0.5552415451870288
2025-01-31,-0.17284486264846935,-0.335634878358248,0.34832785465337474,-0.553312689557317,0.23012284733049215
2025-02-03,-2.2981595376735586,-0.38227984069737386,-0.8941824792545076,-0.5051275978436044,0.07527275277877746
2025-02-04,3.394031546423096,-0.3732696880631757,-0.15447341678307286,-0.37981994829871735,-0.14164750489065475
2025-02-05,0.48001633317328024,-0.9731993494291784,-0.018623339208156158,-0.3275506930773162,-0.10184963715021689
2025-02-06,-0.7880180850326969,-0.9500881104240292,0.3652734303773828,-0.3209836257110861,-0.16756134869022163
2025-02-07,-0.04751204523016066,-0.9104076553699426,-0.20452205862242878,-0.31520694006406785,-0.05778574755186106
2025-02-10,-0.5728368819114905,-0.8660228278694095,0.53500771217782,-0.3288972716135749,-0.11721651104618605
2025-02-11,-0.12078083143823229,-0.8351463414492447,0.3616801762774871,-0.2621358541781584,-0.14878943567565395
2025-02-12,0.8883536537119873,-0.5020627982229016,0.5085331880110499,-0.3242952224751957,-0.11683535174914182
2025-02-13,-0.36235484242165505,-0.38909091643919175,0.496874782612778,-0.27565190287395624,-0.3263861006536171
2025-02-14,0.08635894176180829,-0.5848513553987384,0.517541832617676,-0.30469268653865295,-0.2560026068165327
2025-02-17,0.35476859420601764,-0.6181487284934474,0.46331102274963193,-0.23776866602960758,-0.5803593259294176
2025-02-18,0.0009460879860331849,-0.5230656547220675,0.030744078694825493,-0.22811599715489872,-0.5402844865858
2025-02-19,-0.7822072415109254,-0.5851269506362498,-0.003152037276121102,-0.2676264256179402,-0.47687009741788
2025-02-20,0.5363958543211726,-0.8530110539736223,-0.2870097896103746,-0.3289108002544741,-0.20469948617309955
2025-02-21,0.41008690854908525,-0.7876512870306301,-1.5183176380367536,-0.24717982926546894,-0.31580315828302014
2025-02-24,-0.21499739934009782,-0.6116357106921992,-1.887642248383302,-0.06071926599448243,-0.6541022175248717
2025-02-25,-0.2995657402163935,-0.686249647255359,-1.905496265974391,0.04480071271443473,-0.7144981878040713
2025-02-26,-0.7197273900848065,-0.6949400652669201,-2.0391344579450075,0.23104566938578672,-0.9377517796536382
2025-02-27,2.479983703615759,-0.5720227205892524,-2.6657581720765986,0.21484409460649448,-0.9559349806713068
2025-02-28,-2.2053444625471004,-0.5055195898623145,-1.9352329021601637,0.22830707506325612,-0.9342209608359113
2025-03-03,-1.9645963139058047,-0.5970225929321927,-2.6156204020943314,0.15893051702927216,-0.7078917742986706
2025-03-04,4.553082973355441,-0.7966841415488256,-3.11902135943409,0.10754617792020102,-0.6780840324248371
2025-03-05,-0.40673851766669067,-0.3358937411428937,-2.323130516403535,-0.03332492035795579,-0.4030778276889407
2025-03-06,4.86441133235984,-0.34395513197961625,-3.332860703956721,-0.0017734084939574205,-0.3383444667148346
2025-03-07,0.452799574565714,-0.39031904146587554,-2.9195742577008184,0.13998005882752637,-0.5667015475754834
2025-03-10,-0.2879903463989998,-0.4304919611696918,-4.076854731638141,0.5374820107510011,-1.3396498246774013
2025-03-11,0.3560870794869076,-0.4903975492381831,-4.072659925115588,0.3100100559765823,-0.8907279780169715
2025-03-12,-0.2996977564251574,-0.38511580052612276,-3.3386686474785456,0.25219135868809867,-0.8685151954456191
2025-03-13,1.828163724721873,-0.20819910999542007,-3.4019609142384244,0.3815901221803768,-1.2416512196224299
2025-03-14,0.7689905651586827,-0.03629660627630816,-2.947411167825647,0.2418650556557798,-1.013074424792437
2025-03-17,-0.4877522097199665,0.08589234319658383,-2.363767699002687,0.24767429612947434,-0.9425757713888233
2025-03-18,1.5327322988268894,0.2401343620252677,-2.6521531282798887,0.3180835436338404,-0.9445560206410818
2025-03-19,-2.472620275655465,0.25886066827392495,-2.0888856390396384,0.10953291130273667,-0.6561384524067229
2025-03-20,1.1913902620503205,0.4357059671533357,-1.8381585739223405,0.23844542612464825,-0.7856147873492509
2025-03-21,0.009842634233039951,0.433812668009922,-1.6038280639113522,0.24897372571401538,-0.9400136289912222
2025-03-24,-0.3085244713028232,0.5589221627832076,-0.8597188043414759,0.08342933634250947,-0.6315471772622929
2025-03-25,0.19092807706720719,0.6064148530636041,-0.5565966119165012,0.08677737613267666,-0.33823918887008975
2025-03-26,-0.7473549804606604,0.6660017020819113,-0.932249352374036,0.11574790846018862,-0.16679255189495773
2025-03-27,1.3395856707068687,0.6709823134931263,-1.0208215354004602,0.09553983506134009,0.025690171343008356
2025-03-28,-1.9904913970073703,0.47404864832812044,-1.827238652149466,0.24121608411317336,-0.21032792305737857
2025-03-31,0.20506926285616223,0.4926185192443047,-1.7533965489372176,0.3513612367751215,-0.4073121588863448
2025-04-01,-4.40473628027848,0.6835946755787885,-1.3721182411916761,0.21144217583430786,-0.286438652217172
2025-04-02,5.0,0.7181797300448336,-1.2729483802292882,0.36560229474136646,-0.5530954754113518
2025-04-03,1.222572559592571,-0.12012350456672576,-3.0984498143393493,0.33344702437819546,-0.5836309915846166
2025-04-04,1.3991257949604716,-0.1604165842331748,-4.079202020309245,0.298439745363312,-0.3840213783810612
2025-04-07,0.3838033939323848,-0.07277266126865266,-4.07742475651283,0.5858441181372375,-0.7044378566688727
2025-04-08,1.4301562940378496,-0.09919691864749128,-4.134042080422154,0.7635224887535594,-0.779204768041544
2025-04-09,-0.32955658093141443,-0.5421841299284809,-2.9439040653842787,0.37611099568256107,-0.4533298291930754
2025-04-10,0.12156348597272783,-0.4264526304001621,-2.906517486743452,0.587166295647785,-0.7099294572094468
2025-04-11,1.5942757995888306,-0.5991593881133626,-3.0381671651831694,0.3481054990992006,-0.30904251200619604
2025-04-14,1.2206520655411346,-0.6408239967562002,-2.8853759146465183,0.2963604146637665,-0.39155096131232614
2025-04-15,-0.2592038056319459,-0.8062434247146707,-2.6568934253801024,0.36933702500942844,-0.3970754326338841
2025-04-16,0.5317138533623259,-0.8540034688475606,-3.341195988008652,0.3560134478337669,-0.36183623248681374
2025-04-17,-3.44824789350805,-0.7040696942986923,-3.0045421341699905,0.3022193597559548,-0.3503097962824969
2025-04-18,-0.22408221582622673,-0.6364028490205565,-2.9652360657721,0.34642940158463315,-0.39049159977963915
2025-04-21,0.0038270221269473465,-0.8752745952953453,-3.562881325865509,0.14341147451643868,-0.02149443149309205
2025-04-22,-2.356704053316919,-0.874666943452975,-2.9943582347771507,-0.27395770455686974,0.1958820682370329
2025-04-23,-1.0960979395356296,-0.766230129367792,-2.1612535541816826,-0.2905415871431151,0.10184008553592916
2025-04-24,-5.0,-0.7455402947812036,-1.6062265280402352,-0.30416363396669865,0.2033893234566826
2025-04-25,1.6085798642787754,-0.5979450533924474,-1.1782143848503106,-0.3556581931496911,0.3522180987643211
2025-04-28,1.3916872283081831,-0.6490614109808885,-1.0005101003977481,-0.35797784718971376,0.4878254756086961
2025-04-29,-2.2007258043363453,-0.6831767116483356,-0.7863813812722902,-0.2960552215811273,0.5640925437758955
2025-04-30,-0.39791181992678853,-0.6826940954403372,-1.020199641836815,-0.29144483189290016,0.4207044200785278
2025-05-01,-4.059499870093166,0.13558759231518885,-0.778996918238927,-0.46543487143296874,0.4621150342990223
2025-05-02,3.725527464714806,0.25323383497388713,0.29405528744341175,-0.4936076490669187,0.5017636672975145
2025-05-05,0.3534362776268288,0.20948134362855578,0.7648689625302032,-0.31895035892465623,0.2897468947812297
2025-05-06,0.9041982348326039,0.0971620791396136,0.6725721409600168,-0.4978528135949248,0.1867954281027508
2025-05-07,-0.2731594690526389,0.4667414885985565,1.0697645827813302,-0.52015350122552,0.36544397037136767
2025-05-08,-0.5967636407194428,0.5129039835911867,0.22078400495741046,-1.0229358299087155,0.49029344955300036
2025-05-09,0.5905811369776676,0.7624433429513074,0.7594189906749929,-0.9948855243407991,0.7133151912427365
2025-05-12,-0.2621011699439994,0.8561191007278158,1.255641137879103,-0.9585888199134014,0.3948995838268402
2025-05-13,-0.23704885517505525,0.9699231575807119,1.3250690651624841,-1.0572840760915603,0.47892630443944206
2025-05-14,0.1178043082833325,0.8828006991924705,1.318419108535365,-0.9963966774010133,0.3633555150822535
2025-05-15,-0.5413344168922948,0.8430022998711486,1.6168820309006553,-1.0024652781099794,0.3060252454715086
2025-05-16,2.386904594048195,0.7748249066203151,1.6758422939604,-0.9723632564395486,0.1436871639554553
2025-05-19,-1.1719526883884352,0.8838272540648626,1.9122634731762604,-1.1159115657929142,0.2873654549409464
2025-05-20,-1.8667457895010353,0.8786517157642342,1.5038213481947118,-1.1986664083185241,0.4296136387661425
2025-05-21,1.921535882110636,0.5286586857157244,0.9532968688187441,-1.4091845940055434,0.5075625624617925
2025-05-22,0.853337126678727,0.5379810692655943,0.8153483030849031,-1.5500969678106566,0.5706796884833882
2025-05-23,-0.38192867833197736,0.2436773359004706,0.5506000833271203,-1.2072533188324521,0.3446272656362341
2025-05-26,0.7542388109066841,0.45428689934659455,0.5795160122719586,-1.3478250416690105,0.47459426544167027
2025-05-27,-0.04350915530937058,0.7307047146530307,0.8670624862431452,-1.3070688282474487,0.49783671382188116
2025-05-28,0.6460106929967762,0.705022697564981,0.7264140323164413,-1.206162152612678,0.4424274805589959
2025-05-29,-0.6463230005705167,0.49819839058651333,0.787120046954676,-1.0277161832975183,0.19992654778512287
2025-05-30,0.28811558552519384,0.531771205027831,0.7197257900182917,-0.8874711866849435,0.07668262055595912
2025-06-02,-5.0,0.21214247955849733,0.6454053846815939,-1.0122150497360418,0.03508086414978694
2025-06-03,5.0,0.585366796253523,0.7865407765386422,-0.9670904576643279,0.1758815502685504
2025-06-04,-0.6957112791646913,0.4020377062356511,0.8604603504084986,-0.9015976507995261,0.13349948136281758
2025-06-05,3.0432067294190217,0.28424491867751234,0.7011762757334695,-0.6611893197383565,-0.08028158691792317
2025-06-06,0.6543840885567855,0.36407303183600714,0.7358678378286607,-0.8893211818098813,-0.10293689588865784
2025-06-09,0.12806216564050701,0.3763132948367674,0.8924235587231476,-1.3407925147205162,0.24406750638446434
2025-06-10,-1.3317483341806338,0.3667810092613607,0.706857656846573,-1.3117675584578419,0.15869703263061208
2025-06-11,-0.14474425163516855,0.4725190103360712,0.5731030669775847,-1.1627583764583789,-0.04173397088854729
2025-06-12,1.1858433023967576,0.4053864358807839,0.5474623863387468,-0.9193669169936366,-0.033136311044787176
2025-06-13,0.8987135147791843,0.4589638678780628,0.15495977625977517,-0.894526197869461,0.07550632175504321
2025-06-16,0.48946919577553805,0.6793483973680116,0.36675552690267027,-0.8948847064933034,0.06765313575294692
2025-06-17,1.0908549960109966,0.8165206799701205,0.1508621563422138,-0.69000175520812,0.002657980176325398
2025-06-18,-1.319591884952678,0.9020559009548506,0.19673321081079076,-0.6899980603761814,-0.11717675022202881
2025-06-19,-1.6793300190695215,0.8506129684410083,0.08032252859738939,-0.6418777955867642,-0.3090442529799733
2025-06-20,-0.09926730263355488,1.2172939467739712,0.2783672738528998,-0.482142079972191,-0.37816142124603275
2025-06-23,2.763147339962223,1.2472233308727738,0.36548106118301943,-0.6375032603223455,0.002922907153512946
2025-06-24,-1.1054496658982507,0.7444531401742178,0.8114012575444215,-0.6230673123874213,-0.0026141709732378144
2025-06-25,-0.9404224472356516,0.7324690021750447,0.6907603737225207,-0.6460723889125318,0.1577970614870891
2025-06-26,-2.8203434709973143,0.6186928993094073,0.9015358482517601,-0.5612596077077203,0.16789225414614523
2025-06-27,-1.723783557036312,0.6584428784564996,0.8404828569738737,-0.5575368579256145,0.12519929563118765
2025-06-30,-1.3436514608964472,0.9030144201723718,0.7777092930123886,-0.5269459744374868,0.22256097627120516
2025-07-01,-5.0,0.6470937188395727,0.7391265904819841,-0.39010949594947303,-0.10850811582012224
2025-07-02,5.0,0.885001485044073,0.8000186121464326,-0.6373762542614239,0.34696778453963406
2025-07-03,0.3983028339489008,0.9679218835285602,0.8872972141326879,-0.6733025118720557,0.5976918085284864
2025-07-04,0.8509693279450259,0.9156783230253107,0.8001138867376427,-0.5046278868953831,0.7389675935786182
2025-07-07,-0.05701261614320059,0.9562469512969412,0.7705290630543882,-0.48321077557411274,0.4144734245920228
2025-07-08,-0.16250032025382663,1.0232682716254156,0.8472545305192258,-0.5204962365729938,0.3225259640646198
2025-07-09,-0.049514399259480764,1.040092661253959,0.6980811634083712,-0.6713233861152708,0.4071828774286188
2025-07-10,1.2777463142170296,1.217571665286569,0.8329864724150641,-0.9792573054462048,0.7139584678077631
2025-07-11,1.6126321359143405,1.2894124025166283,0.7268915868033152,-1.0630381708204204,0.9913765443768146
2025-07-14,0.008236640723738245,1.2973009204635906,0.667961761924056,-1.203715097474081,1.0011895169897358
2025-07-15,-1.4120518671560616,1.2776584737507426,0.7313519193775234,-1.0160498861173928,0.8414985473708303
2025-07-16,0.7012603051698189,1.2931616634112837,0.6139648884563531,-1.0248205307861122,0.8802448974957414
2025-07-17,0.7444945716565003,1.2638964468329812,0.7843296876502407,-1.014439753510568,0.9105672495072213
2025-07-18,0.11382772651548466,1.135471054785967,0.8186810673677246,-0.8925699863261362,0.6835374700840049
2025-07-21,-0.20319853248074857,0.7713095558175026,0.7512412442799925,-0.7660330774810314,0.6999366545913406
2025-07-22,-0.5324596117767507,0.9652473981601198,0.7211553096291006,-0.8834898422960056,0.8988525992943391
2025-07-23,0.6707851337139328,0.9641157538033248,0.8156948775408633,-0.7434215824663182,0.7814723783727787
2025-07-24,-0.8298602714017015,1.3403063081617455,0.7412765141462948,-0.6832237368858871,0.6252667202406931
2025-07-25,2.1848213730847053,1.425266027417939,0.749543155301517,-0.6090220381700341,0.5624154784960366
2025-07-28,-0.7258119542211572,1.5842432838399831,0.6623416949471173,-0.5906109321666488,0.6549079773185721
2025-07-29,-0.7457075344316206,1.7220845913985636,0.5693790516736599,-0.5539419036625208,0.6438269401196769
2025-07-30,-0.02498912735081538,1.6032770696372995,0.5976048768003441,-0.5160044478694688,0.7462456786370177
2025-07-31,-1.6889849665681353,1.6596803094569041,0.26410944773260964,-0.33321958067453006,0.5273996837050028
2025-08-01,-1.992406645094529,0.7971876725155446,-0.09104608414867299,-0.12578277123388823,0.24840009850610903
2025-08-04,4.114107595001879,0.2077951885740127,0.20710099739796525,-0.23690435729842096,0.4373331373361444
2025-08-05,-0.9276803121147839,0.11928685763365425,0.138648918600143,-0.15054167008938926,0.17852318456851526
2025-08-06,1.5011691164296748,0.13789531438845143,0.23956289453619709,-0.20116325128663487,0.277856928247232
2025-08-07,-1.997621028824387,0.15946378992345042,0.2474295029147035,-0.3643456750124975,0.30498946772144425
2025-08-08,0.5239241571282717,0.13036515850041241,0.5498405198590597,-0.2781609411113286,0.04745087365981178
2025-08-11,-0.08057627811238864,0.09457219297705302,0.4359170031116301,-0.406788138979185,0.10423505806313044
2025-08-12,0.0006808036248058906,-0.04469371770578983,0.629808475908478,-0.4979955660370228,0.14885053601941287
2025-08-13,0.8793081236191225,-0.12405734272082405,0.6076473127743227,-0.7133560623074333,0.4979526822352441
2025-08-14,-2.7345946463737674,-0.10546351386539951,0.5937993579776015,-0.31183599274587276,-0.07464793788318336
2025-08-15,1.0105048004820893,-0.19430323818192113,0.44771270427323384,-0.21308399078977835,-0.28739584035559096
2025-08-18,-0.1627148931971927,0.2092777209476556,0.42547245845952164,-0.09883778616267407,-0.31631377384913717
2025-08-19,-0.14172487999834868,0.44088751339932375,0.30507093181452305,0.18163399298207936,-0.4768929959928898
2025-08-20,0.5677157797975567,0.2953074493323851,0.12988420733709083,0.07487295456292835,-0.22869918155898405
2025-08-21,-1.7970288262177387,0.28335858278595966,0.07260156596176634,0.23084313216488378,-0.19192955057954855
2025-08-22,0.4295322702750708,-0.18092468079681823,0.29327398596761306,-0.10926382406269741,0.25469419473569166
2025-08-25,-0.34052170132287446,-0.30908919613156405,0.23109091907644688,0.45856209466593756,-0.380726464773194
2025-08-26,-0.3494375936459374,-0.33092200781815256,0.2854528478461952,0.3306004207824321,-0.25852542248032784
2025-08-27,0.701969593550863,-0.43493094876186145,0.3117703630034038,0.386657142060167,-0.3582383897105508
2025-08-28,-3.0370586410857316,-0.844440294520926,0.4133008905244071,0.28687286785650906,-0.44075092516652403
2025-08-29,0.16638075097861016,0.002701470891503639,0.4401167774319899,0.6403091059226127,-0.7770964608224953
2025-09-01,-1.4895759395872463,0.547385596481526,0.3262579508792017,0.5977411719406813,-0.38796693998138776
2025-09-02,0.018377343546629957,0.5957392784886607,0.05336674742420372,0.44668823232044186,0.31365886447635677
2025-09-03,1.9782660032542894,0.6362627025003535,0.19884291830209538,0.41476153032693375,0.04375862078841806
2025-09-04,-0.14643238204646536,0.6784626895081635,0.2782168418597016,0.5092728026458596,-0.34974393600417386
2025-09-05,0.04051763028014303,-0.021991590210419555,0.23439041800057367,0.527139294903291,-0.31820048843775023
2025-09-08,0.03954223593746455,-0.1391597585441248,0.2412855043762521,0.43978190127162825,-0.27511231570246003
2025-09-09,0.11438469465854817,-0.20957739334666498,0.2731594587485717,0.4966580199058422,-0.3890804209519371
2025-09-10,-0.057349285889541676,0.06586014294645604,0.19857099526709857,0.31094039545333413,-0.05304338566517574
2025-09-11,-2.629500130329256,0.004671871848723657,0.3395242079030038,0.19883270303153835,-0.30912762850270703
2025-09-12,0.14240532395290834,0.15273892143580722,0.3240233872539556,0.1650192449466897,0.22131058261888653
2025-09-15,0.43724586202944554,-0.06472791279451633,0.291768999833927,0.24777176623411235,0.1671050280904532
2025-09-16,0.09908323985494673,-0.2993667983175794,0.19237229840624215,0.1468270992998631,0.15093291421368918
2025-09-17,-0.017484704580589126,-0.23264030592006626,0.2604468018613627,0.18609601933308,0.30436369250190787
2025-09-18,-2.7222400316174413,-0.20001092590125089,0.34362592629452243,0.1436095596084513,0.2886171787672625
2025-09-19,0.050480976133741695,0.25105179180126674,0.44810173177051577,0.2677563536753358,0.13610711087538405
2025-09-22,0.12230904265490233,0.2909202846379913,0.1747676577193425,0.5310730870218504,-0.32455998299579936
2025-09-23,-0.041765919514880366,0.3544392720402873,0.1152753864159117,0.6007713804726666,0.09951501204805008
2025-09-24,0.0005409281492316934,0.4754531628055932,0.24668274304705287,0.5022812461006069,-0.03538791791410018
2025-09-25,-2.310047515054244,0.9563360891292626,-0.018156939794398204,0.8611028777113885,-0.43264239809839466
2025-09-26,0.1972200224330182,0.9727365329588554,0.0034428827912886097,0.8126583518763474,-0.44557339063439183
2025-09-29,-0.7520766320281794,0.7193323326133045,0.21698160850116574,0.4544881504516375,0.3207719805105578
2025-09-30,-0.2504423156222957,0.4001264940907287,0.2157970296881528,0.492464349080051,0.6075376903565894
2025-10-01,0.31078929244171016,0.07136636428718408,0.2014995436312191,0.14146298762038648,1.5081769995926642
2025-10-02,0.6613352069108521,0.004081645509719559,0.2710815786066125,0.0010474660970379904,1.149678323201039
2025-10-03,0.14321607171965647,0.7361602712734451,0.25431838419313413,-0.10514198791174754,1.6854277955684047
2025-10-06,-0.6112328909477199,0.83579499834565,0.19492454995076333,-0.25653525376059244,1.5920951533953944
2025-10-07,0.16238333367061514,1.1978444072482026,0.14312426727249572,0.002793893690755555,0.7639413550116135
2025-10-08,0.6608339264337324,1.2642414833408109,0.1053337488953464,-0.12231930849224003,1.074530457892733
2025-10-09,0.0325605740346663,1.4174588693344943,0.18496534210497823,0.010564912340519044,0.5683969267313176
2025-10-10,0.05347498270025459,0.9684272810743866,-0.9601343403429846,0.6865043177014991,-0.8613912300920613
2025-10-13,0.035728505754087835,0.9399178535642528,-0.6684596137373457,0.5495648408716279,-0.5646828266075578
2025-10-14,0.013871539099840477,1.153201754179652,-1.0003017598224568,0.7292001756227571,-1.1759852181672021
2025-10-15,0.0678911154115917,1.0257041774943374,-0.8930688548140628,0.9270235940614943,-2.111827769818542
2025-10-16,0.08940521271964139,0.678504021064158,-1.5577634493338413,1.149497061204074,-2.5102887296598584
2025-10-17,-0.04645902996335912,0.3756289166712586,-1.0047237565464777,1.297254571064188,-2.8490373382422995
2025-10-20,0.13707887702334406,0.5244898690321445,-0.6953604473234494,0.9615551374269428,-2.010711779532476
2025-10-21,-0.07934067249371574,0.6665832841254223,-0.378730190021757,1.1228448422484607,-2.12114385723611
2025-10-22,0.08230536200967542,0.6429594601236739,-0.6300203352962406,1.1917997762730372,-2.090676102112681
2025-10-23,-4.47891301907911,0.5588740094439726,-0.4092890718399508,1.004156469932999,-1.767442328839235
2025-10-24,-0.09854582926106197,0.5968357507691314,-0.22521333183900652,0.9438159246003407,-1.5209916737979177
2025-10-27,0.2339699886334538,1.020002886152603,0.23088516757154842,0.7366493083866505,-1.1086039134860877
2025-10-28,-0.3292326619751948,0.8759176120574214,0.09073639241623757,0.8363342551843148,-1.285355498398561
2025-10-29,-0.11722979677648243,1.1211269344097639,0.016209575550182,1.0663030803187972,-1.775970206532605
2025-10-30,-2.620885570373781,1.6440591200835823,-0.2970779936222299,1.2143839716585778,-2.3329437411360296
2025-10-31,0.011259882273982415,1.6499765679886782,-0.3120768922338539,1.120760459947405,-2.6491963676134347
2025-11-03,-1.4472886346669,1.3925517429069534,-0.253736769482895,1.382779199895787,-3.18358665127178
2025-11-04,1.2127031778109238,0.9781441030109378,-0.7582811648037344,1.8039691338231365,-4.125524992051785
2025-11-05,0.3132009648480149,0.9113894824789692,-0.6386739248866277,1.6116735833050475,-3.6275385782856673
2025-11-06,0.3247161420349003,0.5269253301192937,-0.8320467019920454,1.8372674970476877,-4.128122331817403
2025-11-07,0.11605381460273907,0.7724078812918395,-0.5774644642280794,1.6713269011386498,-3.73098955292605
2025-11-10,0.2594903224028274,1.0162267799956917,-0.33925948244607834,1.4644981003414492,-2.867092276864373
2025-11-11,-0.1336196626248826,1.1025658954233528,-0.22714237247240393,1.7074113442747225,-3.417933748646469
2025-11-12,-0.0007150916002561415,1.4549906351671218,-0.29155145434253305,1.8202347883270362,-3.532758742152742
2025-11-13,-0.1824243404367704,1.4400701005042404,-0.6925025023323552,1.990689216137983,-3.841407437190288
2025-11-14,0.06332986085815796,1.80040099800662,-0.7012298276743819,2.4744910254414143,-4.559657139061927
2025-11-17,0.07013830317757906,1.8269650121342367,-1.197141612482788,2.705786752102728,-4.562768658896865
2025-11-18,-0.12243580710220656,1.6539394027262055,-1.5433397167469167,2.62506489866029,-4.677496151199849
2025-11-19,0.06560705071454924,1.7947661996066546,-1.3028029118880367,2.7645957854213323,-4.859748973507174
2025-11-20,-0.8211135054963283,1.7605807360181611,-1.7958931510556897,3.2372641131004474,-5.0
2025-11-21,-0.36174775432258477,1.3536895674165188,-1.3533196819796112,3.397828323865681,-5.0
2025-11-24,0.2031704201264893,1.285752568190912,-0.9924111780258004,3.096924573215131,-4.9177985138761695
2025-11-25,0.0907989215186681,1.3140591689096037,-0.656263937336897,3.190052460067572,-5.0
2025-11-26,-0.05133241574961731,1.3478911420290973,-0.40916699560114467,2.8699889227509745,-4.53590433898326
2025-11-27,2.107024203401523,1.065435787626571,-0.34012486837378625,2.784223494663365,-4.164209825544261
2025-11-28,-0.00027876885189019,0.9849607650347947,-0.09692030567741533,2.814358981587515,-3.9630568342490924
2025-12-01,-0.3441973420702333,0.6975008075392073,-0.20741806008684752,3.2900565463944784,-4.99762713937107
2025-12-02,0.21824565608050694,1.080812848221295,-0.1264115363195117,2.793082734388607,-4.177096663467948
2025-12-03,-0.13974706354525457,0.6981685759517389,0.16356847333347105,2.585046601821383,-3.481120718230298
2025-12-04,-3.0740785993882453,0.8772244042367061,0.10059440920686435,2.7091887044568317,-3.788422678098934
2025-12-05,-0.014733798294614131,1.058553701705303,0.3244127672264248,2.9723493659891362,-3.8851583222690933
2025-12-08,0.0004640161757349175,1.086946781266199,0.06281630791807599,2.870390923522824,-3.769538810354431
2025-12-09,-0.04393742649149889,1.1518613221173204,-0.19578855016232344,2.6766674851354746,-3.532772916362264
2025-12-10,-0.13864834069116136,0.9357825840459904,0.09266500278689663,2.7391118275930766,-3.243027917608908
2025-12-11,5.0,0.5039564452278561,0.20887861883069922,2.6912292209826263,-2.9771963433842275
2025-12-12,0.09790712402884152,0.497041172679512,0.0752030667104154,2.9017037899947296,-3.1486269731720644
2025-12-15,0.12671341686888182,0.20509850940164365,-0.017368529263146335,3.2818314793763923,-3.2709699749473238
2025-12-16,-0.18092274198012562,0.053291022009330426,-0.024838144558842562,3.1222567879445537,-2.939557637083195
2025-12-17,-0.00350701202116942,0.03167767959749343,-0.15526747026491125,3.2889569093722675,-3.1501118014837926
2025-12-18,2.656104953391519,-0.04895767365632704,-0.029783724370225858,3.355701040597876,-3.133172370502058
2025-12-19,-0.156204425068767,0.2713934954509628,0.4539772319582422,3.0823238364832606,-2.315068850912693
2025-12-22,0.6830854197380696,0.17437742278013335,0.523214381444975,3.046045087638521,-2.185462253928482
2025-12-23,0.12982598390247502,0.2083644017688396,0.48697769944015346,3.1381307006637904,-2.410740487132797
2025-12-24,-0.3733848334495617,0.18394675774333488,0.5230970392484803,3.10559147699806,-2.2297355212225876
2025-12-25,1.686831398615516,0.1310908134749238,0.5020277547071266,3.1410402613399016,-2.6573024345175154
2025-12-26,-0.03496016340346915,0.3102364389122945,0.48425147497160487,3.1394603618744745,-2.6493991022473096
2025-12-29,-1.3672585920175089,0.38606258182557956,0.20598237084874357,3.1582588635013935,-2.643352608262716
2025-12-30,0.832540572062925,0.14957091468903339,0.30968812008814883,3.001845399526634,-2.155485876868634
2025-12-31,-0.2386917114932603,0.5168557316865916,0.011092884844176473,3.07599668437708,-2.5542221377030256
2026-01-01,-2.845992336837891,0.6519749640409775,0.042402351788175474,2.9478977793070693,-2.55211507478926
2026-01-02,-0.0063395230726023995,0.4931286193087273,0.14084534279842167,2.8302797976766816,-2.3281383229520483
2026-01-05,5.0,0.18426043837840875,0.16748157648100634,2.4658385777248744,-1.6692205046808315
2026-01-06,-0.11205252909247124,0.083995463657191,0.2959100593101965,2.477586243729514,-1.7686121200933673
2026-01-07,0.32892813495345485,0.17356840472685817,0.11236854301557923,2.7088210401932313,-1.8690409622607629
2026-01-08,-2.5905289609518523,0.734953053363062,0.07719344393518678,2.7339566665813346,-1.8965746437277111
2026-01-09,0.08460238100538112,0.8246651678807152,0.26378613879466656,2.7804239302379443,-1.8697311269605228
2026-01-12,-0.018529662727211463,1.068629416296186,0.1585243456742596,2.7269585173780966,-1.4963748434823023
2026-01-13,-0.06506226337850565,1.3439091054367072,0.18680684771054798,2.3347832256032,-0.673560720661557
2026-01-14,0.009619011213921926,0.8802509810050312,0.1664622341959012,2.1904132735086566,-0.5563114471514669
2026-01-15,2.388014952489422,0.8757289549384194,0.3936086926112872,2.3178772678933846,-0.6604296220495108
2026-01-16,0.07141565958695084,0.7600535921314476,0.46191343938418816,2.3202352075547874,-0.5680162684689473
2026-01-19,0.030934837958293524,0.892375409686078,0.1774027570485527,2.6155786422303504,-1.0119511845153542
2026-01-20,0.04471134446125678,1.0644415798427795,-0.5595112079957691,3.031933127675515,-1.5270314179275826
2026-01-21,-0.30366002947029913,1.1897779136538895,-0.1982227406647976,2.9276242410884405,-1.2860886734684505
2026-01-22,-5.0,1.2187713170365324,-0.02749388465266616,2.899264392799845,-1.2876557160383353
2026-01-23,0.15645390224331013,0.8829896605618547,0.005887766699286835,2.876452111799016,-1.1430467718663186
2026-01-26,0.23908297779026236,-0.7686604063079139,-0.08988257964739146,3.0176994569044817,-1.1094915696711647
2026-01-27,-0.010996780889485896,-1.0557550163861422,-0.05169230507012283,2.9327076380333637,-0.9700269133549292
2026-01-28,-0.0264913245373589,-1.0976033573201929,-0.025969033958991774,2.9246747340806207,-1.0046566590727337
2026-01-29,-5.0,-1.2467807163073803,0.10497021056314212,3.3395243751715618,-1.4072806331617302
2026-01-30,-0.34317665094981636,-1.125575255937478,0.04841490559282747,3.367454257355846,-1.4422961218581398
2026-02-02,-1.00000035656012,-0.8925158717825828,0.017732514815065447,3.9576345386017695,-2.1465591440265053
2026-02-03,-0.08081578587069319,-0.8269722671973062,-0.42103349216214,4.303080708444354,-2.679390679360086
2026-02-04,1.018917093846085,-0.7152576231184029,-0.7492235137172915,4.527831540268731,-3.074301936517907
2026-02-05,3.735622583001759,-0.6918518214311205,-1.0802880006151805,5.0,-4.54192009385091
2026-02-06,0.09120613313913979,-1.0097840092843597,-0.4997002550377438,4.616922785522398,-3.1356201683208584
2026-02-09,-0.10815733819457525,-1.3133311437451705,-0.3693174620085139,4.685026022439627,-3.011159349310022
2026-02-10,0.2336889426241669,-1.983178096958584,-0.47393498504775455,4.679532482160132,-3.0332805654925687
2026-02-11,-0.031425046721329494,-2.146332482305636,-0.4589213092313329,4.749668639118961,-3.229102683822599
2026-02-12,1.3112298331826788,-2.1164829099309648,-1.0010815407132057,4.6754208518175515,-3.3692114779645936
2026-02-13,-0.2559423579945694,-2.1565882229225544,-1.0836316849494083,4.241796798837297,-2.9261312286965344
2026-02-16,0.3300454204720492,-2.303589212171078,-1.1156140377510462,4.208590238571844,-2.9874644614863066
2026-02-17,-0.04835628583027307,-2.144760962403954,-0.9846694715650064,4.33724233846378,-2.750248853487214
2026-02-18,-0.045915249752599314,-2.0188556883903237,-0.5471081850558966,4.37538036539412,-2.6862444472623372
2026-02-19,-1.1464929720981638,-1.9080788122106556,-0.8049546056042736,4.237822055139054,-2.7147026811633097
2026-02-20,0.06436620356728609,-1.7355984850470132,-0.6611957933033898,4.080207859811863,-2.5139327659917434
2026-02-23,0.013804390631046248,-0.38991053805319603,-1.1863750149597727,4.374182585476715,-2.8680053191361896
2026-02-24,-0.0760018194091332,-0.009459372250733521,-0.7893187114346405,4.373227752619146,-2.9018086463464905
2026-02-25,0.014553876365757565,0.04519414582676945,-0.6374230551177007,3.9793601421844063,-2.4562507858160063
2026-02-26,4.195490835365799,0.18790467792675983,-0.7861042466141551,4.006039143874956,-2.419771569345229
2026-02-27,-0.42814726564830957,-0.012077567937365166,-1.0275013905440966,4.138051776910838,-2.4705215525067996
2026-03-02,-2.2638498355334207,-0.06008372299625847,-1.3947449828441516,3.83514289816491,-2.113086132695962
2026-03-03,2.480849499138028,-0.007844554950309153,-1.6763007123388016,3.861461546237198,-1.8677849781026017
2026-03-04,-0.03860267142569431,-0.30236132392776094,-1.183304132967978,3.3966474216633737,-1.0705978542336132
2026-03-05,5.0,-0.21387041353677053,-1.4266635192545523,3.524832760054264,-1.2020456955015115
2026-03-06,-0.37397497633156324,-0.04329866013057916,-2.3068767731441056,3.7558885587000685,-0.9564899852965862
2026-03-09,0.2245454900137456,0.25810613603058447,-2.0028947488108706,3.7248726468965474,-1.4017408339919442
2026-03-10,0.386215106920838,0.8232617077602326,-2.1354529090721805,3.5722503420039753,-1.1605239032443064
2026-03-11,-0.14681872243431676,1.516782365876224,-1.8125987219023947,3.5240426242611647,-0.993215822491357
2026-03-12,1.9700884447155,1.626479297213442,-2.38941962571989,3.485462158858057,-0.7323821213909363
2026-03-13,-0.12160858795726627,1.9050976068665886,-2.353248975046856,3.432699053000584,-0.6371049994506341
2026-03-16,-0.027700602281385017,1.8711384759593654,-1.6726444117604589,3.097092297186574,-0.21977919462801151
2026-03-17,-0.025048953740088406,1.5551410837023871,-1.5823123552768572,3.1451405804248744,-0.19758357453774222
2026-03-18,-0.09866829744450194,1.4200504988209943,-2.1796437968275946,3.3406627484749745,-0.4450945844737838
2026-03-19,-1.3321058012911866,0.9418402761632676,-1.9012235729928233,3.447467060969192,-0.5314243259512553
2026-03-20,-0.035300642040506765,1.115455458869942,-2.8762906636197414,3.3932352021355996,-0.37588181139039833
2026-03-23,-0.045128273893505745,1.2592802494230262,-2.261971307034645,3.3616233229669494,-0.40048798690359616
2026-03-24,-0.12751233957335487,1.124433865349742,-2.649926618161565,3.37161726115179,-0.27882289684589817
2026-03-25,-0.17366994164832683,1.1469473295206312,-2.49833237189379,3.2714640949092386,-0.13470191802429227
2026-03-26,-5.0,1.1253288970326563,-2.843123003519052,3.4842972858409023,-0.7731471260455289
2026-03-27,-0.2493223355440643,1.422305412335877,-3.658660590430419,3.6718942670968944,-1.0723183918425279
2026-03-30,-0.2346177326821384,1.0349762001160612,-3.825850620794829,3.597837718356791,-0.927313027778913
2026-03-31,0.07140031086241848,0.6794385826269744,-2.5758505016646263,3.420160751057157,-0.9059744439001316
2026-04-01,-5.0,0.66705649325133,-2.427630776022431,3.3821780253464295,-0.8382426560455133
2026-04-02,5.0,0.656027383617011,-1.9689175129380057,3.4090230056473216,-1.321642812650784
2026-04-03,0.5267902926288466,0.624470217224121,-2.0514851273256167,3.3780711950227413,-1.1478818836886855
2026-04-06,-0.01495844521599329,0.6380466577276697,-1.7566129755102007,3.220027508764378,-0.5800070525761046
2026-04-07,-0.005673983211103256,0.7547978210642403,-2.054103646703951,2.972057976165227,-0.2739879671745343
2026-04-08,-5.0,0.11231352766305513,-0.9826364825194841,3.0304353385970626,-0.3707254123794389
2026-04-09,5.0,-0.014949719247822476,-0.6357589210997915,2.8983453315587857,-0.2371289083196843
2026-04-10,-0.27834625542988845,-0.2081413596721232,-0.22169541015659414,2.7055281296578766,-0.10699368040146517
2026-04-13,-0.29419356262555285,0.00016351132209783785,-0.03820596612880739,2.5560049791788537,0.027547153167428357
2026-04-14,0.08668099118035401,-0.13291598980440333,0.05906856535251126,2.552267389381698,-0.22436514693305334
2026-04-15,-0.2349569161925688,-0.2209491560446934,0.31942034410048037,2.4870909217099015,-0.055153494184204135
2026-04-16,3.692708997207972,0.0639111756738959,0.6039907051001357,2.4005206169302573,0.22556269775717058
2026-04-17,-0.11315899071375737,-0.3211082435820426,0.8653371716114614,2.1973191232142435,0.5812565941285346
2026-04-20,-0.2529633133373388,-0.3572385004770601,0.9859501688898458,2.225281797704376,0.40910836050899574
2026-04-21,-0.22657531569796982,-0.20826042916534032,0.6469099187174077,2.1522008318082744,0.4113026756233578
2026-04-22,-0.196335889980067,-0.2588183525214499,0.9817639392313973,1.9824273608488925,0.6608845070368119
2026-04-23,-5.0,-0.2323789286091138,0.815881817539723,1.9143965085665857,0.6963942775084797
2026-04-24,0.2660325309252352,-0.4506553640721234,1.231254002733969,1.9023371368513462,0.779491235827023
2026-04-27,0.12136582902016291,-0.2524767846600895,1.7508596766748263,1.8191523319197815,0.9135763127718797
2026-04-28,-0.23681294014421428,-0.026526508695489316,1.6580786487418375,1.7296207515343383,0.9815081309287628
2026-04-29,-0.28250286003714614,0.31691508834200693,0.9678857129572612,1.6296553877255457,0.9530783615789816
2026-04-30,5.0,-1.352114093822729,1.3315927187649221,1.515445747619673,1.1083311103881333
2026-05-01,-4.823174949040291,-1.4107770773224517,1.3311177267244372,1.360855993109046,1.4461885380551867
2026-05-04,4.912637368913675,-1.4117079864596465,1.148967754056123,1.2215815294805386,1.624679662026507
2026-05-05,0.07851028697225435,-1.2456829771785636,1.528839018170965,1.1213096959963924,1.843206843636104
2026-05-06,-0.15650914890407824,-1.1411894551261452,1.2896177967755276,1.0782793375918684,1.5156966520062471
2026-05-07,5.0,-1.263391374648947,1.1556061139567095,1.0505654581448425,1.4442490038363573
2026-05-08,0.5627524332303824,-1.1824599442350905,1.2632658030727066,0.8483482604356751,1.4648251032414135
2026-05-11,-0.052766693847303626,-1.2495024625444608,1.0190401182150077,0.6708308001532909,1.6081322696795912
2026-05-12,-0.5080075645989975,-0.8552540654166653,0.8627115363979215,0.6800823603492687,1.4697662101442812
2026-05-13,-0.10461199123891499,-0.7432958314430862,0.7668796982804115,0.6914493912608409,1.3136306815981174
2026-05-14,5.0,-0.7355459079090065,0.8071811516479442,0.6210581371550784,1.425393766667168
2026-05-15,1.0519835583663009,-0.42148565314488384,0.26912936290934775,0.6701843302311755,1.3337554220768826
2026-05-18,1.0668178487320898,-0.25571988079813907,0.3564020368944463,0.7389014958453304,1.1123066127626757
2026-05-19,-5.0,-0.358001895447721,0.22817524127763056,0.743957964999425,1.0979346908485128
2026-05-20,-4.7360415759352135,-0.42777977375483434,0.415978375184539,0.7117980049062808,1.112541704305888
2026-05-21,5.0,-0.5099672238285144,0.6383713273155786,0.6879849709310155,1.0689761986770747
2026-05-22,5.0,-0.48626847861172734,0.6727579731347926,0.734442920073799,0.9155704114888235
2026-05-25,1.9590818733929833,-0.33776740239233727,0.683242811651414,0.6736854182870627,1.000895758183181
2026-05-26,0.10926068108141057,-0.35621886144214393,0.749777417978085,0.7180315234037937,0.9566872267837974
2026-05-27,-0.6254255806034246,-0.6875922199647967,0.9048200233434524,0.761728995848778,0.8624787471233556
2026-05-28,-5.0,0.8117678472857385,1.0942256009916869,0.7835181458604908,0.7486444781210657
2026-05-29,0.8538888502460191,0.8004835873667644,0.8973262525794695,0.7765539361694467,0.7315514342764926
2026-06-01,-5.0,0.7471524879752636,1.0580924100957934,0.8326691471966202,0.4548492594892075
2026-06-02,5.0,0.6750003340937937,1.019891243004324,0.9807103436280258,0.06259571818922668
2026-06-03,-1.1751479560283762,1.2059985873046564,0.4877254042170202,1.0610380513622713,-0.15581178294836556
2026-06-04,-5.0,1.2838924219693557,0.410966251137099,1.048127988360079,-0.17109924739095883
2026-06-05,0.7523006728199567,1.1769934575166014,-1.027123875823495,1.1398798476317027,-0.3563310326714454
2026-06-08,0.4465021633950322,1.2382371024095793,-0.64908519838076,1.0538617998258772,-0.14062466121855097
2026-06-09,-1.0278121752106324,1.112413882163422,-0.8372198433953288,1.094596561597532,-0.2646182841172498
2026-06-10,1.4317198420208461,1.0350269346683847,-1.4304488775612632,1.0873737866237538,-0.24979613212225926
2026-06-11,5.0,1.013366250344746,-0.8438834338580211,1.0007813936668097,-0.06783441195950253
2026-06-12,0.2293600442364248,0.7358876379705458,-0.5700691978847434,0.991277593766583,-0.08230146377230661
2026-06-15,0.14692551223455164,0.6147878847564529,0.18566472234004902,0.8946358955840619,0.24224622980176638
2026-06-16,-0.05768016750759583,0.5868760723403134,0.2168133026089891,0.9125319713462798,0.304057435444986
2026-06-17,-5.0,0.5034439606006273,-0.29392215260854804,0.9444193011327576,0.24121628738744239
2026-06-18,-5.0,0.6989897424331412,0.1744108706940144,0.9869334190203221,0.10520571214908235
2026-06-19,5.0,0.6332386633305144,0.013255629630599139,0.9526281052893409,0.17368350964550525
2026-06-22,0.0910037855807907,0.5836524104019138,-0.07995313911908884,0.9327079975169933,0.2690512117911494
2026-06-23,-4.680557069465132,0.6063491910947232,-0.8705148849981122,0.9690283125700988,0.16502644908556235
2026-06-24,-3.192034058066578,0.6592496932423262,-0.8504806472221086,1.022836035347005,0.12593919358915173
2026-06-25,-5.0,0.633339909508895,-0.9426636455893136,1.0652327641215495,0.08557256328597615
2026-06-26,-1.173702367353591,0.6326087277377296,-1.007774377529726,1.0495511331610112,0.10075419973424117
2026-06-29,-0.7014264000002238,0.6061309592915491,-0.7108420814581521,1.0374465426856108,0.11692383631787942
2026-06-30,3.630725888543241,0.590350911400892,-0.2913150476259315,1.082552704117741,0.055156952386683666
2026-07-01,-5.0,0.5796613252964846,-0.48811564782408046,1.018556882568477,0.3422266079139397
2026-07-02,5.0,0.04892062814147192,-0.15440159488351443,0.9588679126996358,0.549003750160353
2026-07-03,-1.2706730685915966,0.011511481594253069,-0.027938502210561742,0.92136172758394,0.5848671514387025
2026-07-06,0.0732749151064052,-0.025979693177473413,0.11196869539448823,0.8739527985753466,0.8215347137766006
2026-07-07,-0.5014162675126727,-0.10669218043069867,0.46988847286947233,0.8904965640869775,0.6664724733438893
2026-07-08,-2.376519691679206,0.04963870422216275,0.21310172536094102,0.9187104709632699,0.5832616532098219
2026-07-09,5.0,-0.005638367434065913,0.65143997240668,0.8844448010570497,0.621748632631029
2026-07-10,-2.970825054200282,-0.16853084800959423,1.1987656118257548,0.8478303592860543,0.6295447664851548
2026-07-13,5.0,-0.024133088223566634,0.43066482469587464,0.9087437908838014,0.4767607076860499
2026-07-14,-0.3073395079335633,0.008745149337634074,0.3843848400964978,0.8187250183486356,0.6013320562916679
2026-07-15,0.6521042785132367,-0.03126237563189368,0.3061264643441584,0.825595787961109,0.6162722088628988
2026-07-16,5.0,-0.3925678076969127,0.19375030921124634,0.8518183598591031,0.6065534574283568
2026-07-17,-0.159820782762804,-0.32087486315502334,-0.3308066896946722,0.8386739968836001,0.6691864152231187
2026-07-20,-0.05972964155697901,-0.28135116133500465,-0.4212657992743777,0.7925874729160769,0.7075424673834149
2026-07-21,0.07015180962752256,-0.24691099031294386,0.20929743429458683,0.7452749985634465,0.7930637627590426
2026-07-22,-0.3546199406350425,-0.06889977471971664,0.4078666948416539,0.745800662870353,0.8129543741951472
2026-07-23,-5.0,0.20650047216790718,-0.15399903433237067,0.7321357163800899,0.798729968026391
2026-07-24,-0.7006857041258606,0.2920177687525244,-0.2558861748365256,0.7139769367474682,0.8398932373445236
2026-07-27,0.2691878871450288,0.18980372896027495,-0.2467657140705724,0.6561918314220087,0.8083695226155808
2026-07-28,-1.0092748325597247,-0.015298870183513467,-0.34219021380329073,0.5681060550743696,0.8523739402491844
2026-07-29,0.2838685106948464,-0.08278327147587418,-1.4563080079283834,0.5503422814973796,0.9160962642411921
2026-07-30,-5.0,-1.8371089204592095,-0.22696091625304443,0.5172452429708083,0.920394644587054
2026-07-31,2.2461006077730055,-1.8051622851570448,0.1169811372800811,0.5696808808042163,0.841105423496076
2026-08-03,-1.753902718934184,-2.4811084029068717,0.437064414755261,0.5445065360328756,0.7381648695023098
2026-08-04,0.06605303346745944,-2.34737992485979,0.7607641163123299,0.5182200832975731,0.7520022532946848
2026-08-05,-0.11813243201933464,-2.5541525229413478,0.9125622843163439,0.4980244882272237,0.8036729919571495
2026-08-06,5.0,-2.3920759320651777,0.8891242229116761,0.5045743148760223,0.7880048551370407
2026-08-07,0.5619426305632936,-2.17164122415172,0.8647470053122122,0.48017639580831906,0.8145793454711854
2026-08-10,-0.14696590441741764,-2.2865703638831203,1.0664475414735466,0.5031743368830276,0.7082596959979215
2026-08-11,0.7204919326078335,-2.1791850980984533,0.9334785634444195,0.5043759844524406,0.7176296864818232
2026-08-12,-0.5786523970376988,-2.0849442953204584,0.9881939526514602,0.5061686768083177,0.6670183834480572
2026-08-13,-5.0,-2.039041431917628,1.2832965111219943,0.5060853058747254,0.7151801113171866
2026-08-14,0.5844782485799366,-2.136685067944969,1.4491833321098286,0.5149103229500378,0.7121491163152563
2026-08-17,0.3418404352783808,-2.139960207556177,1.2170886572196562,0.46014674668639005,0.7807673999984566
2026-08-18,-0.21001897788699816,-2.132414109378085,0.837136246995393,0.44816226969566786,0.7880413892613967
2026-08-19,0.4832078972048308,-2.397342780642551,0.9829506392184031,0.3077866806448689,1.0561443353330404
2026-08-20,-5.0,-2.436585652384728,0.9946127771185453,0.19204890187977042,1.204614959656082
2026-08-21,0.2505046609861769,-2.4105606139689097,1.2924870973142115,0.0428834125208135,1.534351755006221
2026-08-24,-0.17716869597868007,-2.2266393653542575,1.145539614232826,0.030305363692358412,1.6272074172602904
2026-08-25,-0.4458084910202076,-2.161868125138174,1.3122070091650178,0.040746648454393214,1.5965867960418563
2026-08-26,-0.216949866849691,-2.1550310880418273,1.3918049659759841,0.02867106467916511,1.6108961734241525
2026-08-27,-5.0,-0.70749200498181,1.4464851378889596,-0.001261745599770633,1.6442047984126955
2026-08-28,0.330854756434246,-0.5805806884478162,1.4819820515860678,0.05858426768822248,1.5626802385903287
2026-08-31,0.690617479556467,0.1352280132126982,1.0222791683535106,0.04151138010590258,1.699397050586551
2026-09-01,-5.0,0.14067875024291981,0.34900678515310396,0.07059679066913953,1.6073675884454257
2026-09-02,5.0,-0.08283612719801138,0.5632931794675048,0.07365135244785836,1.6105494976547228
2026-09-03,-5.0,-1.2361520729488056,0.8726761701757565,-0.02601476311869437,1.727818167665781
2026-09-04,-0.45433276533819966,-1.1327980987291049,0.8635961527828451,0.013236959142395187,1.6576180040730129
2026-09-07,-0.004812748016078031,-1.1028660769749306,0.6006557845136283,0.02879837926612574,1.5831072364052423
2026-09-08,-0.08365683389864871,-1.5538974401757677,0.5450963679424845,0.04245394850377833,1.5034560034908826
2026-09-09,-0.03662927670694788,-1.6023447455992088,0.27037970576546466,0.04432310543189684,1.5043374197345294
2026-09-10,5.0,-1.4890786128202846,-0.29411346325438187,0.08713569856096738,1.4043943936446548
2026-09-11,-5.0,-1.3054238716641111,0.21336259660679918,0.07130558010393943,1.4370225202659832
2026-09-14,-1.7088490467843764,-1.1977513696950457,-0.05467086133444409,0.04821236392236109,1.4883756631724778
2026-09-15,5.0,-1.1551121224502592,0.02333225434564116,0.11303681046968221,1.348322856899405
2026-09-16,1.4056075471540705,-0.9564138047423574,-0.22687574176385192,0.09617064869876084,1.3505160145627337
2026-09-17,5.0,-0.8550583092312314,0.49188799793300697,0.08488621580185098,1.2217725807979136
2026-09-18,5.0,-0.8454317823809118,0.6944540017717038,-0.029430954759722173,1.3427591514552317
2026-09-21,-1.0008809724636054,-0.8328338162519136,0.9984670669901011,-0.16276943387527001,1.4733176958729486
2026-09-22,-0.2758747726750035,-0.8240377583794313,1.1778521955832517,-0.15240885254812547,1.442589702069095
2026-09-23,0.0869627315807573,-0.8041293721390248,0.9167177043848279,-0.10923876318891332,1.3528442500094595
2026-09-24,-5.0,-0.6696494625093278,0.8986106301338849,-0.10821139663349501,1.3311113290772711
2026-09-25,-0.8074087659198558,-0.7132507112320975,0.7646565546651611,-0.09899466328908368,1.3126425905583565
